:1000000000207047704708B5406803681B6998472F
:10001000003818BF012008BD10B5144640680368B9
:100020005B689847204610BD0048704700000000FC
:100030000048704700000000003918BF0121003A55
:1000400018BF0122034B1860034B1970034B1A7041
:10005000704700BF000000000400000038000000EE
:1000600070470000004B1847000000000049084797
:10007000000000000148024B184700BF00000000CC
:100080000000000070B504460D4616460021406889
:10009000044B9847324629466068034BBDE87040E0
:1000A000184700BF000000000000000013B5064B19
:1000B0000C46012201A99847012812BF00209DF893
:1000C0000430237002B010BD0000000010B50446DB
:1000D0000821024B9847204610BD00BF00000000D9
:1000E0000023602210B50349034CA0470022034BB4
:1000F0001A6010BD1800000000000000340000006D
:100100000246064B10B4064C1A600846A44600236B
:100110000C2204495DF8044B604700BF1400000046
:10012000000000000500000010B5044600F1920137
:100130000B4B9847204612210A4B98472046F12145
:10014000094B984720464021084B98472046084BCA
:10015000CF2198472046BDE81040064B184700BF06
:10016000000000000000000000000000000000008F
:1001700000000000000000002DE9FF4100F1080828
:100180000446224B40460E4698470546002836D086
:100190000A2E94F8A12425D00D2E2AD0002794F8F9
:1001A000A2348DF80C60009394F8A01403AB404681
:1001B000174E8DF80D70B04794F8A0342A790133AA
:1001C0001344DBB284F8A034228A2979521A93426C
:1001D0000FDD84F8A07494F8A1346A79134484F88C
:1001E000A13406E0002384F8A03443791A4484F84B
:1001F000A12494F8A124638A9A4203DA012004B06E
:10020000BDE8F081002384F8A134F7E70000000086
:1002100000000000F7B50E4B064608460F4615468F
:1002200098470C4B45431C7C012305F0FF05A54274
:100230003EBF641B04EBD474C4F34701009328BF92
:1002400000213B4632460448044CA04703B0F0BDB1
:100250000000000000000000080000000000000096
:10026000B4EE400AF1EE10FA13B5044605D70E4974
:100270000E4B02B0BDE810401847F2EE047A0C4B6A
:1002800020EE270A98470A2290FBF2F302FB1302A2
:10029000002AB8BF524200920C212046054A064C63
:1002A000A04702B010BD00BFBA030000000000006C
:1002B00000000000BF03000000000000012A10B58C
:1002C0000C4602D10160002010BD022A05D0032A8D
:1002D000F9D0002AF7D10260F5E70146024B04206D
:1002E000984723680360EEE70000000003681847A2
:1002F000012A10B50C4602D10160002010BD022A6F
:1003000005D0032AF9D0002AF7D10260F5E70146AB
:10031000024B0420984723680360EEE700000000CA
:1003200030B40D46114604681A682868234630BC6C
:1003300009681847012A10B50C4602D10160002057
:1003400010BD022A05D0032AF9D0002AF7D1026095
:10035000F5E70146024B0420984723680360EEE767
:100360000000000030B585B00D6804681146054BEB
:1003700001A89847284601A9A047034B01A8984720
:1003800005B030BD0000000000000000012A10B5DB
:100390000C4602D10160002010BD022A05D0032ABC
:1003A000F9D0002AF7D10260F5E70146024B04209C
:1003B000984723680360EEE7000000001FB5054B77
:1003C000046801A8984701A8A047034B01A89847D3
:1003D00004B010BD000000000000000038B50C1A89
:1003E000002C134605DD014622461846024DA8475B
:1003F0000346181938BD00BF0000000070B5044660
:100400000D46054EB04705F10C0104F10C00B04754
:10041000AB69A36170BD00BF00000000002810B5EB
:1004200006D001DA034B9847034BBDE8104018474C
:1004300010BD00BF0000000000000000004B184786
:1004400000000000004B184700000000004B184758
:10045000000000000A200021004B184700000000A7
:1004600010B58368044613B103220146984720461D
:1004700010BD000010B50446034B40F8043B034B8D
:100480009847204610BD00BF080000000000000093
:1004900010B50446034B984720461421024B984759
:1004A000204610BD000000000000000010B504460A
:1004B000034B40F8043B034B9847204610BD00BF58
:1004C000080000000000000010B50446034B9847E8
:1004D00020461421024B9847204610BD0000000022
:1004E0000000000010B50446034B40F8043B034BEA
:1004F0009847204610BD00BF080000000000000023
:1005000010B50446034B984720461421024B9847E8
:10051000204610BD000000000000000010B5044699
:10052000034B40F8043B034B9847204610BD00BFE7
:10053000080000000000000010B50446034B984777
:1005400020461421024B9847204610BD00000000B1
:1005500000000000D0E901239B1A0269B2EBA30F4F
:1005600084BF00234375407D7047D0E90132934238
:1005700018BF83600023036183820360704710B556
:10058000D0E901431B1BB1EBA30F3DBF54F8213051
:100590000068D218002038BF801810BD70B5074E13
:1005A000051D044631462846054B98470023314631
:1005B00023602846034B9847204670BD260900005B
:1005C00000000000000000002DE9F0410023064675
:1005D0000F46182B06EB030801D1002004E0F55864
:1005E000BD4203D1D8F80400BDE8F0810833002DE6
:1005F000EFD1124B4FF48460C8F800709847104B4D
:1006000004464FF48062294640F8047B98474FF037
:10061000FF33C8F80440C4F80834B369C4F804547C
:100620000133C4F80C54C4F81054C4F81454C4F87A
:100630001854C4F81C54B361D4E700BF0000000094
:100640000000000070B5084D296811F0010408D1C0
:10065000064B182218462146054EB04701238461F7
:100660002B60024870BD00BF0000000000000000C9
:100670000000000038B50446034D0C30A847204662
:10068000A847204638BD00BF000000000022C0E996
:100690000022C0E9022202618282704738B54FF41D
:1006A000807200210C4B0446002598474FF0FF3321
:1006B0000A49C4E94053C4F80851094B04F586704F
:1006C0009847C4E94655C4E94855064B04F594706B
:1006D0009847204638BD00BF0000000026090000F2
:1006E000000000000000000038B5044600F13805A5
:1006F0004FF0FF3205494FF0FF332846884794F802
:1007000060412846024B9847204638BD0000000053
:10071000000000000020704710B50446006818B1C2
:10072000A168024B091A9847204610BD000000003E
:1007300008B50248024B984708BD00BF0000000002
:100740000000000008B50248024B984708BD00BFF2
:10075000000000000000000030B5836885B00393FE
:100760000023D0E900420D68CDE9014205604D68E3
:1007700045608D688560C1E900338B6001A8024B3C
:10078000984705B030BD00BF0000000010B5D0E9AB
:1007900001431B1BB1EBA30F3DBF036854F82110AD
:1007A000D218002038BF505C10BD000008B5D0E959
:1007B0000132D31AB1EBA30F15D2114B0022984787
:1007C000030612D58F2812D99F2812D9BF2812D913
:1007D000C02807D0C12805D0C3280ED9E02828BFDB
:1007E000E020C0B208BDC120FCE70020FAE780206D
:1007F000F8E79020F6E7A020F4E7C220F2E700BF78
:100800000000000008B5024B0169984708BD00BF11
:100810000000000073B50569D0E901639B1BB5EBCF
:10082000A30F044603D300234375002016E00123E1
:1008300043750D4B9847D22805F1010310D1236170
:1008400056F825002268031D134401A9024413F839
:1008500001099A4201F8010BF9D1019802B070BD6B
:10086000002223616275E0E70000000073B50569AE
:10087000D0E901639B1BB5EBA30F044604D300230F
:1008800043750020002118E0012343750E4B984763
:10089000D32805F1010312D16946236156F82500DA
:1008A000226800F108031344024413F801099A4234
:1008B00001F8010BF9D1DDE9000102B070BD0022A1
:1008C00023616275DDE700BF0000000070B50669B6
:1008D000D0E901239B1AB6EBA30F044603D30023F0
:1008E0004375002008E00125064B45759847C02850
:1008F0002E4402D12846266170BD0023266163750F
:10090000EFE700BF0000000008B5064B98479028AD
:1009100006D02430C0B201288CBF0020012008BDC1
:100920000120FCE70000000008B5064B984780282E
:1009300006D02230C0B201288CBF0020012008BDA3
:100940000120FCE70000000070B50569D0E90163F3
:100950009B1BB5EBA30F044603D300234375002074
:1009600011E0012343750A4B9847D12805F1010393
:100970000AD1236156F825202368134498785B78C0
:1009800063F30F2000B270BD002223616275E6E7B9
:100990000000000073B50569D0E901639B1BB5EB4E
:1009A000A30F044604D3002343759FED100A17E0FC
:1009B000012343750E4B9847CA2805F1010311D155
:1009C000236156F825002268031D134401A902443F
:1009D00013F801099A4201F8010BF9D19DED010AC2
:1009E00002B070BD002223616275DEE700000000E6
:1009F000000000000000000073B50569D0E9016344
:100A00009B1BB5EBA30F044604D3002343759FED56
:100A1000120B18E001234375114B9847CB2805F1C1
:100A2000010312D16946236156F82500226800F1BE
:100A300008031344024413F801099A4201F8010B18
:100A4000F9D19DED000B02B070BD002223616275EB
:100A5000DDE700BFAFF300800000000000000000F1
:100A60000000000038B50569D0E901239B1AB5EBF9
:100A7000A30F044603D30023437500200EE0012397
:100A80004375094B9847E02805F1010307D123611D
:100A9000002229462046054B984740B238BD002227
:100AA00023616275E9E700BF00000000000000005C
:100AB00038B50569D0E901239B1AB5EBA30F0446AD
:100AC00003D30023437500200DE001234375084B39
:100AD00098476B1C024638B9236129462046054BCE
:100AE000984700F07F0038BD002223616275EAE775
:100AF000000000000000000070B50569D0E9012386
:100B00009B1AB5EBA30F044603D3002343750020C3
:100B10000DE00126084B46759847CC2805EB0603E7
:100B200006D12361324629462046044B984770BDC2
:100B3000002223616275EAE7000000000000000067
:100B400010B5D0E901431B1BB1EBA30F37BF54F81D
:100B500021300020D21803683FBF991848789B5C69
:100B600040EA032010BD000070B50569D0E90123FB
:100B70009B1AB5EBA30F044603D300234375002053
:100B80000DE00126084B46759847CD2805EB060376
:100B900006D12361324629462046044B984770BD52
:100BA000002223616275EAE70000000000000000F7
:100BB00013B5D0E901431B1BB1EBA30F10D254F8BE
:100BC000213001681A44131D0B4401A8114413F885
:100BD000012D8B4200F8012BF9D1019802B010BD14
:100BE0000020FBE738B5424B04460D4698470028E5
:100BF00077D08038C3B2602B75D8602873D8DFE80F
:100C000000F07072727272727272727272727272BA
:100C100072727072727272727272727272727272B6
:100C200072723F72727272727272727272727272D7
:100C30007272727272727272727272727272727294
:100C4000727270727072484F565D626935397431D4
:100C50003539743135393133373B3D484F563135AD
:100C600031357000032038BD0420FCE70520FAE789
:100C70000620F8E70920F6E70A20F4E71220F2E759
:100C80000022294620461B4B984700F01F000130E8
:100C9000E9E7012229462046164B98470230E2E751
:100CA000012229462046144B98470330DBE70122F6
:100CB00029462046114B98470530D4E701222946A2
:100CC00020460C4BF0E70122294620460A4B984764
:100CD0000430C8E7012229462046084B98470630D1
:100CE000C1E70120BFE70020BDE70220BBE700BF4E
:100CF00000000000000000000000000000000000F4
:100D000070B50569D0E901239B1AB5EBA30F044622
:100D100003D300234375002013E00126124B4675D0
:100D20009847DC2805EB06030CD0DD2811D090286D
:100D300015D123610022294620460C4B984700F02C
:100D40000F0070BD3246294620462361084B984764
:100D5000F7E72361324629462046064BF7E7002293
:100D600023616275D7E700BF0000000000000000AB
:100D7000000000000000000070B50569D0E9012303
:100D80009B1AB5EBA30F044603D300234375002041
:100D90000DE00126084B46759847CE2805EB060363
:100DA00006D12361324629462046044B984770BD40
:100DB000002223616275EAE70000000000000000E5
:100DC00070B50569D0E901239B1AB5EBA30F044662
:100DD00003D300234375002013E00126124B467510
:100DE0009847DE2805EB06030CD0DF2811D08028B9
:100DF00015D123610022294620460C4B984700F06C
:100E00000F0070BD3246294620462361084B9847A3
:100E1000F7E72361324629462046064BF7E70022D2
:100E200023616275D7E700BF0000000000000000EA
:100E3000000000000000000013B5D0E901431B1BB7
:100E4000B1EBA30F12D254F82130016868461A445E
:100E500002F108030B44114413F8012D8B4200F8F2
:100E6000012BF9D1DDE9000102B010BD0020002105
:100E7000FAE7000070B50569D0E901239B1AB5EBCC
:100E8000A30F044604D300234375002001460DE060
:100E90000126094B46759847CF2805EB060306D176
:100EA0002361324629462046044B984770BD0022F4
:100EB00023616275E9E700BF000000000000000048
:100EC00010B5D0E901431B1BB1EBA30F3DBF036875
:100ED00054F82110D218002038BF505610BD000021
:100EE00070B50569D0E901239B1AB5EBA30F044641
:100EF00003D30023437500200DE00126084B4675FF
:100F00009847D02805EB060306D1236132462946CF
:100F10002046044B984770BD002223616275EAE7C2
:100F2000000000000000000010B5084B0446984780
:100F3000D62808D1064B0122204621699847431C38
:100F40005842584110BD0020FCE700BF00000000DF
:100F50000000000010B5084B04469847D72808D178
:100F6000064B0122204621699847431C58425841AC
:100F700010BD0020FCE700BF0000000000000000E2
:100F800038B50C4B04469847C72811D12569022271
:100F900029462046084B9847013009D1074B0122CA
:100FA000294620469847A0F10C035842584138BDC5
:100FB0000020FCE70000000000000000000000002E
:100FC00010B5D0E901431B1BB1EBA30F3DBF036874
:100FD00054F82110D218002038BF505C10BD00001A
:100FE00038B5037D04460D461BB1D0E90123934279
:100FF00003D100236375002038BD9B1A0269B2EB50
:10100000A30FF6D2044B98472860637D002BF2D0E3
:101010002046024B9847EFE7000000000000000068
:1010200038B5037D04460D461BB1D0E90123934238
:1010300003D100236375002038BD9B1A0269B2EB0F
:10104000A30FF6D2044B98472870637D002BF2D093
:101050002046024B9847EFE7000000000000000028
:1010600070B5037D04460D461BB1D0E901239342C0
:1010700003D100236375002070BD06699B1AB6EB8F
:10108000A30FF6D2012343750C4B9847C22806F1F3
:1010900001030FD12361002231462046084B9847B7
:1010A00000F001002870637D002BE4D02046054B42
:1010B0009847E1E7002023616075F3E70000000036
:1010C00000000000000000002DE9F043037D04460D
:1010D0000E4685B01BB1D0E90123934205D1002310
:1010E0006375002005B0BDE8F08305699B1AB5EB78
:1010F000A30FF4D20127464B47759847DA28454B92
:101100006CD00BD8A02824D0D9284DD0002201358E
:1011100041496275256101A898472FE0DB28F5D188
:101120003D4901A898473A46204621693B4B9847DC
:1011300000250746DFF8FC80DFF8FC90AF4221690C
:101140001AD06A1D2046C047014601A8C84701358C
:10115000F4E7314901A89847002220462169304B25
:1011600098470025DFF8CC80DFF8CC9000F01F070F
:10117000EBB29F4221690FD801312161294B01A9AE
:1011800030469847284B01A89847637D002BA8D08C
:101190002046264B9847A5E701352A462046C047FA
:1011A000014601A8C847E3E71B4901A898473A460A
:1011B000204621691A4B984700250746DFF87480BE
:1011C000DFF87490EBB2BB422169D5D2AA1C20464D
:1011D000C047014601A8C8470135F3E70E4901A8F9
:1011E00098473A4620462169114B98470025074603
:1011F000DFF84080DFF84090ABB29F422169BBD955
:10120000EA1C2046C047014601A8C8470135F3E75C
:10121000000000000000000026090000000000009F
:1012200000000000000000000000000000000000BE
:101230000000000000000000000000002DE9F04167
:10124000037D04460E461BB1D0E90123934204D12D
:10125000002363750020BDE8F08107699B1AB7EB96
:10126000A30FF5D2012343751F4B984707F10108DF
:1012700090B11E4B022239462046C4F81080984790
:1012800000231D46C6E90003B560637D002BE1D055
:101290002046174B9847DEE72046164B984750B13B
:1012A000154B022239462046C4F8108098478D0815
:1012B00001F00303E6E72046104B9847054670B15E
:1012C00003223946094B204698470B4B0546072217
:1012D00039462046C4F8108098470B46D2E70346AB
:1012E0006075C4F81080CDE7000000000000000029
:1012F00000000000000000000000000000000000EE
:1013000010B50446006818B1A168024B091A984745
:10131000204610BD0000000010B50446064B00F545
:1013200096709847054B04F58C709847044B04F56C
:1013300086709847204610BD0000000000000000A5
:1013400000000000084A1368DB070BD440F2FB41A1
:10135000064B0748C3E901010649D96006491960EF
:1013600001231360014870470000000000000000E6
:10137000050800FF2E06000008000000084A136858
:10138000DB070BD44FF48071064B0748C3E901011A
:101390000649D96006491960012313600148704766
:1013A0000000000000000000081020602706000078
:1013B00008000000F7B51F4B05461B780C46002BB4
:1013C00035D01D481D4B98471D4B98471D4F014672
:1013D0001948B8471C4E08221C490620B0471C4B30
:1013E000984701461448B847294606221E20B047B0
:1013F000012508232C22CDE900350D2166230E4856
:10140000144EB0476223642214FB03F3B3FBF2F3E0
:1014100004220F21009208482E220F4C0195DBB2C6
:10142000A04705480D4B03B0BDE8F040184703B096
:10143000F0BD00BF500000000800000000000000E8
:10144000000000000000000000000000B5030000E4
:10145000000000000000000000000000000000008C
:10146000F8B5038A0446154623B1438A13B1002315
:10147000A0F8A034012304F29C4784F8A234384633
:101480000C4B984704F108060DB994F840502A46D1
:1014900039463046084B98473046084B9847054632
:1014A00030B13046064B984710B1437984F8A134E7
:1014B0002846F8BD00000000000000000000000009
:1014C000000000002DE9F84F6FF06043D0E9008A7A
:1014D0001546AAEB0802B3EBA20F074689464FEA6E
:1014E000A20402D12748284B9847C24514BF224680
:1014F0000122A418A1EB080B2BD264B39C4228BF95
:101500001C46224BA00098470646214B042006EBC0
:101510000B0198472B68BBF1000F03600BF104052A
:10152000AAEB090A19DD5A4641463046194B98473D
:101530007019BAF1000F00EB0A0503DD5246494667
:10154000154B9847B9684046144BA1EB08019847E2
:1015500010E01C46D5E72646D7E7BAF1000F354420
:1015600004DD5246494628460B4B98475544B8F18E
:10157000000FE7D1C7E9006506EB8406BE60BDE851
:10158000F88F00BF280900000000000000000000E4
:10159000000000000000000000000000000000004B
:1015A0002DE9F743044616460025184FDFF8608002
:1015B000DFF860900160AE42A16801950FD86368C2
:1015C00051F8045CC91A891020460139B8472844EB
:1015D000831B58425841207503B0BDE8F083E3688F
:1015E0008B420ED00420C8470560A3680433A36073
:1015F000D4E90131C91A891020460139B847054498
:10160000D9E7194601AA201DC047F1E700000000F4
:1016100000000000000000002DE9F041044600F148
:1016200030070E4615464FF0FF334FF0FF32384675
:101630000649884720462946054B40F8046B9847E1
:101640003846BDE8F041034B184700BF00000000DA
:1016500000000000000000002DE9FF41044688461C
:10166000002517461E46134B98474146C4E90455CA
:10167000114B04F1180098470A9B1422E36204F10D
:10168000300329461846C4E909760C4DA8470C4B8F
:1016900098470C490C4B01A89847FF21204601AA06
:1016A0000A4B98470A4B01A89847204604B0BDE86A
:1016B000F08100BF000000000000000000000000FA
:1016C00000000000DD080000000000000000000035
:1016D000000000001FB504460749084B01A89847C1
:1016E000FF21204601AA064B9847064B01A89847C0
:1016F000002004B010BD00BFBC08000000000000C6
:10170000000000000000000038B5044600F130057C
:101710004FF0FF3207494FF0FF33284688472468CF
:101720002846002CD4BF00240124034B98472046B0
:1017300038BD00BF000000000000000010B50446E6
:101740001046D4E900236FF000449B1AE21A8A4243
:1017500001D2074B9847994238BF19465B1804D20B
:10176000A34228BF2346184610BD2046FCE700BF11
:10177000000000002DE9F047D0E901739F420446C4
:101780008846DFF878A00AD039460120D04798F87B
:1017900000300370636801336360BDE8F087134A6B
:1017A0000121134B9847134B266881469847B91B74
:1017B000014405460120D04798F8003039460370AF
:1017C0002A46DFF83C803046C0473946421C38463E
:1017D000C047074626B1A1683046074B891B98478A
:1017E000C4E900574D44A560D7E700BF28090000B1
:1017F00000000000000000000000000000000000E9
:101800000000000007B5044B8DF807100DF107012B
:10181000984703B05DF804FB0000000010B50446D3
:10182000034BC0219847E3680133E36010BD00BF5C
:10183000000000002DE9F047D0E901739F42044603
:101840008846DFF878A00AD039460120D04798F8BA
:1018500000300370636801336360BDE8F087134AAA
:101860000121134B9847134B266881469847B91BB3
:10187000014405460120D04798F8003039460370EE
:101880002A46DFF83C803046C0473946421C38467D
:10189000C047074626B1A1683046074B891B9847C9
:1018A000C4E900574D44A560D7E700BF28090000F0
:1018B0000000000000000000000000000000000028
:1018C0000000000037B504460D46074BCC21984771
:1018D0002046064B0DF107018DF807509847E36845
:1018E0000133E36003B030BD0000000000000000E1
:1018F0002DE9F047D0E901739F4204468846DFF89E
:1019000078A00AD039460120D04798F800300370FB
:10191000636801336360BDE8F087134A0121134B0C
:101920009847134B266881469847B91B01440546E2
:101930000120D04798F80030394603702A46DFF876
:101940003C803046C0473946421C3846C0470746AF
:1019500026B1A1683046074B891B9847C4E9005758
:101960004D44A560D7E700BF280900000000000033
:101970000000000000000000000000000000000067
:1019800073B5094BCA2104468DED010A032598471A
:10199000064E01AB59192046B047013DF9D2E36824
:1019A0000133E36002B070BD0000000000000000E1
:1019B000F8B505460E460324034F31192846B847AB
:1019C000013CFAD2F8BD00BF0000000013B5044688
:1019D0000191064BCE2198472046054B01A9984717
:1019E000E3680133E36002B010BD00BF00000000F7
:1019F0000000000070B505460C46044E0131B047AA
:101A0000214628463346BDE87040184700000000D4
:101A10000F2913B504460BD861F06F018DF804103F
:101A20000D4B01A99847E3680133E36002B010BD94
:101A3000B1F5803F094B08D2ADF80410DC2198477E
:101A40002046074B01A99847EDE70191DD21984712
:101A50002046044B01A9F6E700000000000000004A
:101A6000000000000000000013B50446ADF80610A9
:101A7000064BCD2198472046054B0DF106019847AE
:101A8000E3680133E36002B010BD00BF0000000056
:101A9000000000007E2913B504460AD80D4B8DF8CE
:101AA00007100DF107019847E3680133E36002B0C6
:101AB00010BDFF2903D8084BC9B29847F7E7B1F525
:101AC000803F03D2054B89B29847F0E7044B984713
:101AD000EDE700BF00000000000000000000000073
:101AE0000000000073B50C1E054621DB7E2C08DCCF
:101AF0008DF8044001A9234B9847EB680133EB6054
:101B000008E0E317B4F5807F73F1000204D21E4BA6
:101B1000E1B2984702B070BDB4F5803F73F10003A5
:101B200003D21A4BA1B29847F4E7194B9847F1E753
:101B300014F11E0FDCDA14F1800F164B06DBD021F6
:101B4000984728468DF8044001A9D4E714F5004FC2
:101B5000114E0BDBD121ADF80440984728460DF11A
:101B60000501B047284601A9B047C6E70194D22134
:101B70009847032401AB19192846B047013CF9D214
:101B8000BBE700BF000000000000000000000000F4
:101B90000000000000000000000000002DE9F84FE8
:101BA00004460D46DFF88CA001EB020BAB4501D1DA
:101BB000BDE8F88FD4E90183984509D0414601205A
:101BC000D0472B7803706368013363600135EDE71C
:101BD000134A0121134B20469847134B276881462F
:101BE0009847A8EB0701014406460120D0472B780F
:101BF0004146037032460D4B384698474146421CD9
:101C00000A4B40469847804627B1A1683846084BA2
:101C1000C91B9847C4E900684E44A660D6E700BFD8
:101C20002809000000000000000000000000000083
:101C30000000000000000000F7B58D6804461F2D6D
:101C40000F68174E0FD865F05F038DF8043001A9B7
:101C5000144B98472A4639462046B047E36801337B
:101C6000E36003B0F0BDFF2D0F4B06D8D921984794
:101C700020468DF8045001A9EAE7B5F5803F08D267
:101C8000DA2198472046094BADF8045001A998473E
:101C9000E0E7DB2198472046054B019501A9F6E7CF
:101CA0000000000000000000000000000000000034
:101CB0000000000070B5044616461D46054B9847C7
:101CC00020463168044B984729462046034B9847E5
:101CD00070BD00BF00000000000000000000000018
:101CE00038B504460A460B1D034D0221A84720467D
:101CF000024B984738BD00BF000000000000000004
:101D00002DE9F043394B07468DB008460E4615467F
:101D10009847DFF81481364CA8B9364905A8C04762
:101D2000FD2305A9089309A8334B984705A8A047A8
:101D30002846324B08A9984709A8A04700263046F4
:101D40000DB0BDE8F08300233046019301A92C4B70
:101D50009847019B0BB92B49E0E7012B01D02A4999
:101D6000DCE72A4905A8C0473046294B05A9984712
:101D7000DFF8B890064638B105A908A8C847FB683F
:101D8000002B24D1234B984705A8A047224902A83D
:101D9000C0470A223146214B08A89847204B08A982
:101DA00002A8984708A8A04702A905A8C847FD238C
:101DB00005A9089309A8104B984705A8A0472846ED
:101DC0000E4B08A9984709A8A04702A8B5E73B69A8
:101DD00008A9381D984708A8A047124F2846B847B9
:101DE0002846B84705A8A047A9E700BF00000000A3
:101DF000000000007C060000000000000000000061
:101E0000000000009C060000EB0600002609000010
:101E10000000000000000000FF06000000000000BD
:101E200000000000000000000000000000000000B2
:101E3000F0B51B4B064689B008460F461446984736
:101E40000546B0B91749184B01A89847FD2301A9C9
:101E5000049305A8154B9847154D01A8A84720469F
:101E6000144B04A9984705A8A8470025284609B09F
:101E7000F0BD00236946009338460F4B9847009BFE
:101E80000BB10E49DFE7F3680BB90D4B9847336987
:101E9000301D98470B4E2046B0472046B047E5E737
:101EA000000000007C0600000000000000000000B0
:101EB000000000000000000000000000EB06000031
:101EC000000000000000000038B50569D0E90123DA
:101ED0009B1AB5EBA30F044603D3002343750020E0
:101EE0001CE001234375214B984728B300F13403CC
:101EF000DBB2142B35D8CC38142832D8DFE800F008
:101F00001F22252B0F12151831313131313131316A
:101F1000313131310B002046154B984738BD2046F2
:101F2000144BFAE72046144BF7E72046134BF4E72F
:101F30002046134B9847F1E72046124BEDE7204629
:101F4000114BEAE72046114BE7E72046104B984734
:101F500020EAE070E2E720460E4B98470029DDDAE0
:101F6000BDE70023013563752561B8E70000000077
:101F70000000000000000000000000000000000061
:101F80000000000000000000000000000000000051
:101F9000000000000000000038B5037D04460D4637
:101FA0001BB1D0E90123934203D1002363750020C4
:101FB00038BD9B1A0269B2EBA30FF6D2044B9847C7
:101FC0002860637D002BF2D02046024B9847EFE754
:101FD000000000000000000038B50569D0E90123C9
:101FE0009B1AB5EBA30F044604D3002343759FED62
:101FF0002F0A21E0012343752D4B9847A8B100F12A
:102000003603DBB2162B4BD8CA38162848D8DFE87F
:1020100000F03B3F14171A1D2D3033364747474712
:10202000474747474747474725002046214B9847A2
:1020300000EE100AB8EE400A38BD20461E4BF6E707
:1020400020461E4BF3E720461D4BF0E71D4B204674
:1020500098471D4B984700EE100AEDE720461B4BB2
:10206000984700EE100AB8EEC00AE5E72046184B84
:10207000F6E72046174BF3E72046174BF0E7174BE0
:1020800020469847164BE5E72046164B9847D3E77E
:102090002046154B9847154B51EC100B9847DAE743
:1020A0000023013563752561A1E700BF0000000032
:1020B0000000000000000000000000000000000020
:1020C0000000000000000000000000000000000010
:1020D0000000000000000000000000000000000000
:1020E00000000000000000000000000000000000F0
:1020F00038B50569D0E901239B1AB5EBA30F044657
:1021000004D3002343759FED2C0B21E0012343757D
:102110002B4B9847A8B100F13603DBB2162B46D8FB
:10212000CA38162843D8DFE800F0363E14171A1DC7
:10213000282B2E31424242424242424242424242D5
:10214000230020461F4B98471F4B984741EC100B2C
:1021500038BD20461D4BF6E720461D4BF3E72046D1
:102160001C4BF0E71C4B204698471C4B9847EDE76B
:1021700020461B4B98471B4BE7E720461A4BF9E7D5
:1021800020461A4BF6E72046194BF3E7194B204639
:102190009847194BEAE72046184B9847184B10EE22
:1021A000100A9847D2E72046164B9847D0E70023FD
:1021B000013563752561A6E70000000000000000FE
:1021C000000000000000000000000000000000000F
:1021D00000000000000000000000000000000000FF
:1021E00000000000000000000000000000000000EF
:1021F00000000000000000000000000000000000DF
:1022000000000000000000002DE9F7430F69D1E94C
:1022100001239B1AB7EBA30F06460D4608D30023F4
:102220004B75C0E900338360304603B0BDE8F083EE
:102230004FF001080846344B81F815809847C528AF
:102240004FF0000421D0C6283BD0C42854D1C6E9A1
:102250000044B460424628462969DFF8B880C04788
:102260000746DFF8B490E3B29F42296902D80131F2
:102270002961D9E7A21C2846C0470DF107018DF856
:1022800007003046C8470134EDE7C6E90044B460B2
:102290004246284629691D4B98470746DFF8748057
:1022A000DFF87490A3B2BB422969E0D2E21C284651
:1022B000C0470DF107018DF807003046C8470134CB
:1022C000F0E7C6E90044B460424628462969104B4D
:1022D00098470746DFF83C80DFF83C90A742296921
:1022E000C5D0621D2846C0470DF107018DF80700D3
:1022F0003046C8470134F1E701376C752F61C6E9F4
:102300000044B46090E700BF00000000000000003F
:1023100000000000000000000000000070B5037D18
:1023200004460E4615461BB1D0E90123934203D162
:1023300000236375002070BD9B1A0269B2EBA30FE6
:10234000F6D2054B98473060637D002BF2D02946CA
:102350002046024B9847EEE7000000000000000016
:10236000F8B506460F4615460024AC4201D3204678
:10237000F8BD30682A1B036839199B6898470444E4
:10238000F3E700002DE9F04300258846044685B0B8
:10239000D0F8187404216846DFF870901646CDE92D
:1023A0000055CDE90255C84729466846124B984763
:1023B00039466846114B9847114B41466846984745
:1023C00029466846C847DDE900156D1A2A462046A9
:1023D0000C4B984785420C4A04D06846904705B09C
:1023E000BDE8F083D4F8183468460133C4F81834D3
:1023F00090473760F3E700BF0000000000000000D6
:1024000000000000000000000000000000000000CC
:102410002DE9F04F04460D4616461F4687B0DDF8FD
:1024200040A0DFF8A8B0DFF8A89000F124086422EB
:1024300000234046D847002837D1236801AAD3F8A3
:1024400000900223CDE90300CDE9013005902B4631
:1024500002A80321164CA04702A80321154B984758
:102460003168154B02A89847144C97ED000A02A852
:10247000A0479AED000A02A8A047DDE90214641AF9
:102480000F4B224648469847844208BFD9F8183473
:1024900002A804BF0133C9F818340A4B98474046D4
:1024A000094B07B0BDE8F04F1847C847BFE700BF6A
:1024B000000000000000000000000000000000001C
:1024C000000000000000000000000000000000000C
:1024D000000000002DE9F04304460D461646DFF8E3
:1024E0009490DFF8948087B000F1240764220023E1
:1024F0003846C84700282ED1236801AAD3F80080A7
:102500000223CDE90300CDE9013005902B4602A856
:102510000321124CA04702A80121114B98473168B2
:1025200002A8104B9847DDE90214641A0E4B2246AC
:1025300040469847844208BFD8F8183402A804BF20
:102540000133C8F81834094B98473846084B07B090
:10255000BDE8F0431847C047C8E700BF00000000CF
:10256000000000000000000000000000000000006B
:1025700000000000000000000000000008B5D1F8D5
:1025800004315A1C09D0D1E946128A4205D0022BE7
:1025900003D00068014B521A984708BD00000000A4
:1025A000F0B587B0054616461F460C460191002936
:1025B0002DD002294FF0000426D11346CDE9024464
:1025C000CDE9044403211E4C01AA02A8A047012121
:1025D0001C4B02A898470C991B4B02A89847DDE9B1
:1025E0000214641A194B224628469847A04208BF95
:1025F000D5F8183402A804BF0133C5F81834144BB9
:102600000CBF012400249847204607B0F0BDD0F845
:102610001834CDE90211CDE904113B6002A8042170
:10262000084B9847214602A80A4B9847396802A8E8
:10263000094B98473146044B02A89847C7E700BFAB
:10264000000000000000000000000000000000008A
:1026500000000000000000000000000070B501460E
:1026600086B0114B0446114898471149114B03A8F5
:102670009847114E114D642200231148B04788B984
:102680000F4B022153F8240C009403AA02AB0D4C0B
:102690000068A0470A480C4B98470C4B03A8984782
:1026A00006B070BDA847E6E700000000000000008B
:1026B00060040000000000000000000000000000B6
:1026C00024000000000000000000000000000000E6
:1026D00010B5044694B0402208460A4B04A9984716
:1026E000094B214601A89847084C094901A8A04771
:1026F00004A9A047074B9847074B01A8984714B077
:1027000010BD00BF0000000000000000000000003D
:102710006404000000000000000000007FB50F4BC3
:102720000F4E1B780F4D33B90F4901A8B0470F4B1F
:1027300001A898470BE00E480E4B9847044650B14D
:102740000D4901A8B04721460C4B01A8984701A8A4
:10275000A84704B070BD0A49E7E700BF5200000077
:1027600000000000000000009702000000000000D0
:102770000000000000000000BD020000000000009A
:10278000D40200002DE9F0472F4B8AB00D460146D8
:102790002E4898472D482E4B98472E4F8046DFF8FD
:1027A000F4A02D4CDFF8F0902C4EA8B12C4904A8D1
:1027B000B84704A907A8D047294607A8A047294930
:1027C000A0474146284B984707A8C84704A8B047E8
:1027D00000200AB0BDE8F0874FF4FA600021234BD7
:1027E0009847B0EE080A1948214B9847804640B1F7
:1027F000204907A8B84707A841461B4B984707A898
:10280000B04712481C4B9847804608B11B49CEE799
:10281000B0EE080A1A4B01A898471A4904A8B8470D
:1028200004A907A8D047294607A8A0471649A047EA
:1028300001A9A0471549A047154B984707A8C847C5
:1028400004A8B0470120C4E7000000000000000019
:102850000000000000000000000000000000000078
:102860003B0300004F0300000000000000000000D8
:10287000000000005103000000000000720300008F
:10288000000000008B0300009B030000B203000067
:1028900000000000000000000000000038B50A49F8
:1028A0000A480B4DA8470B4C30B101234FF0FF32C3
:1028B0002370094B1A6038BD08490948A847002809
:1028C000F3D12070F7E700BF6704000000000000AC
:1028D00000000000520000008C00000073040000A3
:1028E000000000002DE9F04762228AB0324B0D460D
:1028F000014632489847324B30489847314B2F4871
:102900009847314C002141F28830A0472F4B2B488B
:1029100098474FF496700021A047B1EE040A27486B
:102920002B4B984784B2DFF8DC802A4F44B12A4908
:1029300007A8C04707A82146284B984707A8B847CB
:102940001E48274B984786B2DFF8BCA0254CDFF81D
:10295000BC90AEB1244904A8C04704A907A8D04739
:10296000294607A8A0472149A04731461B4B984755
:1029700007A8C84704A8B84700200AB0BDE8F087F8
:10298000B1EE040A1A4B01A898471A4904A8C04797
:1029900004A907A8D047294607A8A0471649A04779
:1029A00001A9A0471549A047154B984707A8C84754
:1029B00004A8B8470120E0E7000000000000000084
:1029C0000000000000000000000000000000000007
:1029D0000000000000000000EF0200000000000006
:1029E00000000000000000000A0300004F03000088
:1029F000000000002B0300009B030000B203000056
:102A000000000000000000000000000000000000C6
:102A100010B505490548064CA04710B905490648B8
:102A2000A047064B187010BD6704000000000000AE
:102A300000000000730400000000000051000000CE
:102A4000F0B53B4B05461B788FB093B10023694628
:102A500000933848384B9847044660B13749384BA3
:102A60000AA89847374B0AA821469847364B0AA828
:102A700098470FB0F0BD009C344B15B91A68A242BC
:102A8000F7D033492E4E0AA81C60B047009B07AA16
:102A90000AA930480793304B98472B4D0AA8A847FE
:102AA0002E4F2F4A009B10210AA8B8472D4904A891
:102AB000B0472D4B04A907A898472C4B0AA907A893
:102AC00098472B4B014601A898472A4B07A89847DF
:102AD00004A8A847009B4BB92749284B01A8984751
:102AE00001A8274B984701A8A847C2E7E70603D5E6
:102AF0002449224B01A89847A60603D522491F4B1B
:102B000001A89847600603D520491C4B01A89847A7
:102B1000210603D51E49194B01A89847A20203D5E7
:102B20001C49164B01A898472303D9D51A49D4E765
:102B3000520000000000000000000000C703000079
:102B40000000000000000000000000008C000000F9
:102B5000DE03000000000000000000000000000094
:102B6000EC030000F403000000000000000000007F
:102B7000000000000000000002040000000000004F
:102B8000000000000F0400001C04000029040000E5
:102B9000340400003F040000520400002DE9F04F0F
:102BA000754BA3B09847754D04462B78744E002B97
:102BB00040F0AE8042F21071724A1368C31A8B4221
:102BC0000AD9714B1060984733780BB96F4B98470F
:102BD0002B78002B40F09F803378E3B16C4A136868
:102BE000E31AB3F5FA6F16D300236A488DF8343030
:102BF0000DA9694B1460984785B2002D00F06981DA
:102C00006649674B1BA898472946664B1BA89847FF
:102C1000654B1BA8984742F20F71644A1368E31A88
:102C20008B4203D90020624B14609847614B1B789C
:102C3000002B00F05B82604A1368E31ADB2B40F242
:102C40005582DFF8A8A15D48DAF80030146001333E
:102C5000CAF800305A4B98475A4B9847DFF8909182
:102C600001465648C84701260022574B1146534893
:102C7000564D0096A8470823554F00223C7CDFF8AC
:102C80007481A4F111010093C9B20E2307F1080069
:102C90000196C047042300930223E11E1A46DFF881
:102CA00058810196C9B207F10800C047494BCDF8D9
:102CB0001C901B7823B9484B1B68002B80F266815F
:102CC00004274FF00108A4F10C095FFA89F9A4F177
:102CD0000801A4F109064B464246DFF820B1F6B2DE
:102CE000CDE900783548C9B2D84733463A46494617
:102CF000CDE900783148D8470722A4F10D030092AE
:102D000031463A462D48CDF80480DBB2D84754E12D
:102D10003378002B26D0314A1368E31AB3F5FA6FE3
:102D2000FFF45AAF0FAB146004930EAB03930DABDB
:102D300002930CAB01930BAB294D009329480AABCE
:102D400009AA08A9A847164B0546002858D02649C5
:102D50001BA898471BA82946124B98471BA8124B43
:102D6000984739E742F21071064A1368C31A8B423A
:102D7000D1D910602AE700BF000000005200000017
:102D8000510000003C0000000000000000000000B6
:102D90004800000000000000000000008314000054
:102DA00000000000000000000000000044000000DF
:102DB000000000005000000040000000080000007B
:102DC0000000000000000000B5030000000000004B
:102DD0000000000004000000000000004C000000A3
:102DE00000000000000000005F140000340000003C
:102DF00000000000000000000000000000000000D3
:102E00004C4A099911604C4A0E9911604B4A12685C
:102E1000002A05DA4A4A0D9911604A4A0C99116054
:102E2000494915A89847494F494D6422002349480C
:102E3000B84700284BD1474B12AA53F8243C032132
:102E40001F680223CDE91B00CDE91D00424D1293FE
:102E50001BA815ABA8470821404B1BA89847404D1D
:102E60009DED080A1BA8A8479DED090A1BA8A847C5
:102E70009DED0A0A1BA8A8479DED0B0A1BA8A847B1
:102E80009DED0C0A1BA8A8479DED0D0A1BA8A8479D
:102E90009DED0E0A1BA8A8479DED0F0A1BA8A84789
:102EA000DDE91B156D1A2F4B2A4638469847854297
:102EB00008BFD7F818341BA804BF0133C7F818346B
:102EC000294B98472348294B984715A847E7A84717
:102ED000ABE79DF83430002B3FF49DAE002312AEDB
:102EE000ADF838500F93224D1293224833460FAA63
:102EF0000EA9A84785B20DB11F4982E6BDF838304A
:102F0000002B3FF488AE0D4A1C4913600F9A0C4BFE
:102F10001BA81A60129A0B4B194D1A60194B98474F
:102F2000BDF838301848159300960FAB15AA1BA9A9
:102F3000A8476DE6880000008400000078000000CB
:102F4000800000007C0000007814000000000000F9
:102F5000000000002400000000000000000000004D
:102F60000000000000000000000000000000000061
:102F700000000000000000009C140000B2140000DB
:102F80000000000000000000000000000C2253437D
:102F90006422B3FBF2F313F0FF0309D00622A4F17D
:102FA0001001009201963246C9B207F10800C047ED
:102FB0006B4B1B78002B7FF483AE0A220121694CF6
:102FC000694F238A04F10800013BCDE90021DBB2FF
:102FD0000021B847654B9847079B014604F108005C
:102FE0009847634B1B68002B80F283806149624BDA
:102FF0001BA8984701260E22002160481BAB0096B3
:10300000A8475F4B9847079B01465C489847DFF805
:10301000C0815C48C04700EB4000217CB040C0B29A
:10302000884206D2091A1222564B54480096C9B259
:10303000A847554B0DF13C0993ED000A4846534B08
:103040009847DFF87CB14B461C21514A1BA8D84752
:1030500001232022009300211BAB4848A8474D4B79
:103060001B68002B4FDB1C214B4A1BA8D8470123B0
:1030700020224A21414800931BABA847474B4846B2
:1030800093ED000A414B9847454A12AE92ED000A73
:103090003E4B30469847434B93ED000AB4EE400A4E
:1030A000F1EE10FA34D74B461C213F4A00961BA87C
:1030B000D84701262A22002130481BAB0096A8479A
:1030C0003422238A0021013B2C480092DBB2019676
:1030D000B8473648C047354928B1152822D80622B6
:1030E0003720334B98472548324B984723B0BDE8EB
:1030F000F08F0A2B01DD304979E71C212F4A304E31
:103100001BA8B04776E72F491B4B1BA89847AEE793
:103110002D4B98471C210346CDE900962B4A1BA84E
:10312000D847C6E715AE00243346DAF800C0C71CFE
:103130000CEB0402B2FBF7FE07FB1E22904294BF89
:1031400020228A5C0134152C06F8012BF0D10021D5
:1031500001220A4800928DF869103722A847C2E779
:103160003800000000000000000000000000000027
:1031700014000000BD140000000000000800000062
:1031800000000000050000008800000000000000B2
:10319000D614000078000000DF140000800000005A
:1031A0007C00000084000000ED1400001800000006
:1031B0000000000000000000C5140000CE14000054
:1031C00000000000E614000000000000FE140000F3
:1031D0000000000070B586B068461949194B984741
:1031E0006946194B03A89847184B194E1978194D81
:1031F000194C00290CBF3146294603A8A04717499E
:10320000A047174B197800290CBF31462946A04723
:103210001449A047144B197800290CBF31462946A0
:10322000A047124B9847124B03A898476846114B8A
:1032300098470120104B06B0BDE87040184700BF0A
:103240001500000000000000000000005000000019
:103250000E00000008000000000000002B0000002D
:103260005200000034000000510000000000000087
:103270000000000000000000000000002DE9F04107
:10328000044600F130070E4615464FF0FF334FF06D
:10329000FF3238460649884720462946054B40F804
:1032A000046B98473846BDE8F041034B184700BF10
:1032B0000000000000000000000000002DE9FF41B8
:1032C00004468846002517461E46144B984741463B
:1032D000C4E90455124B04F1180098470A9B29468B
:1032E000E36204F1300314221846C4E909760D4D57
:1032F000A8470B9A0C4B626498470C490C4B01A8E9
:103300009847FF21204601AA0A4B98470A4B01A87B
:103310009847204604B0BDE8F08100BF00000000DF
:10332000000000000000000000000000DD080000B8
:1033300000000000000000000000000038B5044656
:1033400000F130054FF0FF3207494FF0FF332846B8
:10335000884724682846002CD4BF00240124034B4E
:103360009847204638BD00BF000000000000000064
:10337000034670B508465418D3F804148C421DD87F
:10338000B8B16FF003060432091A1A44F61AB518D8
:10339000A9420FD8D3F81024C3F8041494428DBF67
:1033A0000022121AC3F81024C3F8102488BFC3F8EF
:1033B000142470BD155C02F8015BE8E70020F8E713
:1033C00010B5094B0022D0F80C14044698474FF072
:1033D000FF33C4F808340023C4F80C34D4F81C3488
:1033E0000133C4F81C3410BD000000002DE9F04189
:1033F000037D04460D4616461BB1D0E901239342D6
:1034000003D10023637500202AE09B1A02694FEA6A
:10341000A308B2EBA30FF4D2124A134F136813F0B0
:10342000010302BF3B6001231360104B9847637D8B
:103430003860002BE7D023699845E2D90C4B204631
:1034400098472860637D002BDDD00A4B2046291D5C
:103450009847637D002BD6D031462046064B9847CF
:10346000BDE8F08100000000000000000000000046
:103470000000000000000000000000002DE9F04105
:1034800005460E4600241C27DFF82080D5F8F03AC8
:10349000A34202D80020BDE8F081314607FB04506A
:1034A000C0470028F7D10134F0E700BF000000005A
:1034B00038B50569D0E901239B1AB5EBA30F044683
:1034C00003D300234375002013E001234375124BFF
:1034D000984758B100F13403DBB2032B17D8CD382D
:1034E000022807D8DFE800F0090C0F0020460B4B3C
:1034F000984738BD20460A4BFAE72046094BF7E7C4
:103500002046094BF4E72046084B9847F1E7002393
:10351000013563752561D6E700000000000000005A
:10352000000000000000000000000000000000009B
:1035300070B5037D04460E4615461BB1D0E9012344
:10354000934203D100236375002070BD9B1A02696A
:10355000B2EBA30FF6D2054B98473060637D002B8A
:10356000F2D029462046024B9847EEE700000000C3
:10357000000000002DE9F041D1F80C740446032F3F
:103580000D462A4E8CB006D820462949B047204621
:103590000CB0BDE8F081D1F8083433F00208F3D163
:1035A000244B06A89847244B06A898473A46234B35
:1035B000291D06A8984748B92846214B9847204618
:1035C0001B49B0471F4B07A89847E0E7184903A8D5
:1035D000B0476A461C4B01A906A8CDF8048098475D
:1035E00048B92846164B984720461149B047174B13
:1035F00003A89847E6E7009B73B9019B042BF0D121
:10360000134B03AA02A906A898470028E9D0204630
:10361000104B03A99847EAE7022BE2D1019B032B49
:10362000DFD10D4B03A906A89847EEE70000000084
:10363000260900000000000000000000000000005B
:10364000000000000000000000000000000000007A
:10365000000000000000000000000000F0B5D0F8FD
:103660000051044687B01DB90025284607B0F0BDBB
:1036700000F5947630461E4B98472A462146304640
:103680001C4B98470028EFD01B491C4B03A89847B8
:1036900000236A4602933046194B02A99847054613
:1036A00020B90025174B03A89847DEE7009FA7B96C
:1036B000029B042BF5D13046134B03AA01A998476E
:1036C0000028EED0114B03A904F586709847019BA2
:1036D000C4F80471C4F80831E4E7022FE1D1029B79
:1036E000032BDED130460A4B03A99847E8E700BF19
:1036F000000000000000000026090000000000009B
:1037000000000000000000000000000000000000B9
:10371000000000002DE9F047374B064688B0084608
:103720000C46984704F5867804F59477C0B94FF0B5
:10373000FF333249C4E94130C4F80001304B404600
:103740009847304B38469847D4E94632934218BFE1
:10375000C4F81C310023C4F8243108B0BDE8F08758
:10376000D4E94632934218BFC4F81C310023C4F890
:103770002431D4F8043104F58C7563B9042128464A
:10378000214B984701212846204B98472846D4F8DA
:1037900008111F4B98470024DFF888A006F10409A0
:1037A000D6F8F43A41469C4212D31A4B01A89847E6
:1037B000FE2301A9049305A8174B98472846174BE9
:1037C00004A99847164C05A8A04701A8A047C4E73C
:1037D0004846D04709F11C0958B11C232A463946EE
:1037E00003FB0464E06903689B6808B0BDE8F04728
:1037F00018470134D4E700BF00000000260900008C
:1038000000000000000000000000000000000000B8
:1038100000000000000000000000000000000000A8
:1038200000000000000000002DE9F0411E46037D6D
:103830000446884617461BB1D0E901359D4204D1A4
:10384000002363750020BDE8F081ED1A0369B3EB36
:10385000A50FF5D2184B9847C8F80000637D002BE0
:10386000F0D0237D002BEBD0D4E901318B42E7D09F
:10387000C91A2369B3EBA10FE2D2104B2046984737
:103880003860637D002BDDD0237D002BD8D0D4E9B8
:1038900001329342D4D0D21A2369B3EBA20FCFD214
:1038A000074B204698473060637D002BCAD02046E6
:1038B000044B9847C7E700BF00000000000000006D
:1038C00000000000000000002DE9F043D0F814646F
:1038D00004460F4690461D468BB096B14A4B04A84D
:1038E00098474A4B04A89847D4F81034211D19442E
:1038F0003246474B04A8984738B90026454B05A8DF
:10390000984730460BB0BDE8F0834FF00009424EB7
:1039100003AB02AA01A904A8CDF80490B04706465B
:103920000028EAD0039BBB42E7D1029B3B4F012B0F
:103930001BD02846FC233A4940F8043B394B9847B2
:103940002046D4F81024D4F81414B847D4F810340E
:103950002BB94FF0FF32C4F80C34C4F80824D4F863
:103960001C340133C4F81C34C8E7019B042B05D078
:103970002846FC232C4940F8043BDFE72B4B04A8E6
:103980008DF800909847C02831D19DF824301BB1A4
:10399000DDE905239A4208D100238DF82530284619
:1039A000FC23234940F8043BC8E79B1A089AB2EB72
:1039B000A30FF1D21F4B04A898479DF825308DF82E
:1039C0000000002BEBD041461B4B04A89847002871
:1039D000E5D0D4F810242AB94FF0FF33C4F80C24F2
:1039E000C4F808342046D4F81414B84786E76A4669
:1039F0002946124B04A898470028EAD12846FC2300
:103A00000F4940F8043B99E7000000000000000067
:103A100000000000000000000000000000000000A6
:103A2000F3040000000000000C050000000000008E
:103A30002905000000000000000000000000000058
:103A40004A0500002DE9F043D0F8146404460F46FF
:103A500090461D468BB096B14A4B04A898474A4BF6
:103A600004A89847D4F81034211D19443246474B16
:103A700004A8984738B90026454B05A89847304612
:103A80000BB0BDE8F0834FF00009424E03AB02AA31
:103A900001A904A8CDF80490B04706460028EAD052
:103AA000039BBB42E7D1029B3B4F012B1BD0284617
:103AB000FC233A4940F8043B394B98472046D4F858
:103AC0001024D4F81414B847D4F810342BB94FF09C
:103AD000FF32C4F80C34C4F80824D4F81C34013381
:103AE000C4F81C34C8E7019B042B05D02846FC23EE
:103AF0002C4940F8043BDFE72B4B04A88DF80090DD
:103B00009847C02831D19DF824301BB1DDE9052349
:103B10009A4208D100238DF825302846FC232349FA
:103B200040F8043BC8E79B1A089AB2EBA30FF1D206
:103B30001F4B04A898479DF825308DF80000002BF6
:103B4000EBD041461B4B04A898470028E5D0D4F899
:103B500010242AB94FF0FF33C4F80C24C4F80834F9
:103B60002046D4F81414B84786E76A462946124B13
:103B700004A898470028EAD12846FC230F4940F8BA
:103B8000043B99E700000000000000000000000076
:103B9000000000000000000000000000F30400002E
:103BA000000000000C0500000000000029050000D6
:103BB0000000000000000000000000004A050000B6
:103BC0002DE9F043D0F8146404460F4690461D4694
:103BD0008BB096B14A4B04A898474A4B04A8984723
:103BE000D4F81034211D19443246474B04A8984795
:103BF00038B90026454B05A8984730460BB0BDE8BC
:103C0000F0834FF00009424E03AB02AA01A904A8B9
:103C1000CDF80490B04706460028EAD0039BBB428B
:103C2000E7D1029B3B4F012B1BD02846FC233A498E
:103C300040F8043B394B98472046D4F81024D4F878
:103C40001414B847D4F810342BB94FF0FF32C4F82D
:103C50000C34C4F80824D4F81C340133C4F81C34E0
:103C6000C8E7019B042B05D02846FC232C4940F8CB
:103C7000043BDFE72B4B04A88DF800909847C02841
:103C800031D19DF824301BB1DDE905239A4208D1DA
:103C900000238DF825302846FC23234940F8043BB7
:103CA000C8E79B1A089AB2EBA30FF1D21F4B04A8E6
:103CB00098479DF825308DF80000002BEBD0414649
:103CC0001B4B04A898470028E5D0D4F810242AB943
:103CD0004FF0FF33C4F80C24C4F808342046D4F85D
:103CE0001414B84786E76A462946124B04A8984739
:103CF0000028EAD12846FC230F4940F8043B99E705
:103D000000000000000000000000000000000000B3
:103D10000000000000000000F304000000000000AC
:103D20000C05000000000000290500000000000054
:103D300000000000000000004A0500000022C0E969
:103D400000228260704700002DE9FF410646174BB4
:103D50001420984700250446DFF868806846CDE9BE
:103D600000550295C0476946114B042003959847BA
:103D7000066026460F4B104F0393104B029746F8F0
:103D8000043B30466560C6E90155C04702226946DA
:103D900030462561B847039B68462361029BE36078
:103DA000074B9847204604B0BDE8F08100000000B2
:103DB00000000000000000000000000008000000FB
:103DC00000000000000000002DE9FF410646174BEF
:103DD0001420984700250446DFF868806846CDE93E
:103DE00000550295C0476946114B0420039598473A
:103DF000066026460F4B104F0393104B029746F870
:103E0000043B30466560C6E90155C0470222694659
:103E100030462561B847039B68462361029BE360F7
:103E2000074B9847204604B0BDE8F0810000000031
:103E3000000000000000000000000000080000007A
:103E400000000000000000002DE9FF410646174B6E
:103E50001420984700250446DFF868806846CDE9BD
:103E600000550295C0476946114B042003959847B9
:103E7000066026460F4B104F0393104B029746F8EF
:103E8000043B30466560C6E90155C04702226946D9
:103E900030462561B847039B68462361029BE36077
:103EA000074B9847204604B0BDE8F08100000000B1
:103EB00000000000000000000000000008000000FA
:103EC00000000000000000002DE9FF410646174BEE
:103ED0001420984700250446DFF868806846CDE93D
:103EE00000550295C0476946114B04200395984739
:103EF000066026460F4B104F0393104B029746F86F
:103F0000043B30466560C6E90155C0470222694658
:103F100030462561B847039B68462361029BE360F6
:103F2000074B9847204604B0BDE8F0810000000030
:103F30000000000000000000000000000800000079
:103F4000000000000000000038B50C1A134605D030
:103F5000014622461846024DA8470346181938BDA7
:103F60000000000038B50C1A134605D00146224661
:103F70001846024DA8470346181938BD0000000036
:103F80002DE9F74F9846002308F1010A9A450446A7
:103F900089461746C0E90033836002DA2F48304B68
:103FA000984713D02F4B504698472668054602463F
:103FB000616830462C4B984726B1A16830462B4BA0
:103FC000891B9847C4E900555544A5602046284BF5
:103FD0000DF1070107EB080B8DF807909847BB45DB
:103FE00016D0D4E901639B1B9845DFF890A0DFF859
:103FF000909011D8324659463846D04762683146CB
:10400000424462603046C847324639463846D04757
:10401000204603B0BDE8F08F4146164A164B2046B5
:104020009847104B8046984731460246054620681F
:10403000C847594602463846D0476168024630466E
:10404000C8470646206818B1A168084B091A984766
:10405000C4E900564544A560DAE700BFFE08000049
:104060000000000000000000000000000000000050
:10407000000000000E090000000000000000000029
:10408000000000002DE9F8430D69D1E901239B1AD6
:10409000B5EBA30F06460C4605D300234B75C6E9C6
:1040A0000033B36026E0012308464B754C4B98471C
:1040B000C7386F1C112800F28F80DFE800F05A6FBC
:1040C0007E8D8D8D8D8D8D8D8D8D8D091E2D3C4B15
:1040D00001222946434B204698470222424B804604
:1040E000294620462761984701230246414630462B
:1040F0003E4CA0473046BDE8F88301222946394BA3
:10410000204698470222384B8046294620462761A0
:10411000984702230246E9E701222946314B20460F
:1041200098470222304B804629462046276198470F
:1041300004230246DAE7012229462A4B2046984703
:104140000222294B804629462046276198470823AA
:104150000246CBE701222946224B204698470222FD
:10416000214B804629462046276198471023024666
:10417000BCE7012229461E4B204698470222814671
:1041800029462046174B9847032280462761164B45
:104190002946204698474B460246A7E70122294672
:1041A000144B2046984703228146294620460D4B52
:1041B0009847042280462761E9E7012229460E4BF1
:1041C000204698470522814629462046054B9847B8
:1041D000062280462761DAE70023276163755EE7E0
:1041E00000000000000000000000000000000000CF
:1041F0000000000000000000000000002DE9FF4169
:104200007C4B04469847C028054604D120467A498D
:104210007A4B984730E0C22803D120467849794B41
:10422000F7E7E0B100F13403DBB2072B17D9E02840
:1042300015D0CA2817D0CB2833D1237DCBB1D4E9F0
:1042400001239A4215D09B1A2269B2EBA30F10D218
:104250006D4B204698476D4B83ED000B1AE02046CE
:104260006B496C4BD5E7237D1BB1D4E901239A42FE
:1042700005D100236375002004B0BDE8F0819B1ACE
:104280002269B2EBA30FF4D2634B20469847634BED
:1042900083ED000A637D002BEDD02046604B9847EC
:1042A000EAE7A0281FD000F12703DBB2022B1AD9BE
:1042B00000F13C03DBB2022B26D92046594B98472C
:1042C000064600284ED00025574B2046019501A9EF
:1042D00098472B46554FDFF8BC813B60019B9D42C0
:1042E00038D33046C8E7524D2B68DB0708D4514B12
:1042F000514952489847012351482B60514B9847E8
:1043000020464E49504B84E750490B6813F0010397
:1043100008D14F4A4F48C2E90033936001230B6034
:10432000484B9847237D002BA3D0D4E901239A4220
:104330009FD09B1A2269B2EBA30F9AD2214601A803
:10434000454B9847424801A9444B9847444B01A824
:1043500098479FE72046C04700288DD03B6801352D
:104360000133BAE720463F4B984718B120463E49F3
:104370003E4B4EE705F12C03DBB2042B15D9393542
:10438000EDB2022D11D92046394B984748B9204645
:10439000384B984728B92046374B984700283FF4B8
:1043A0006AAF20463549364B33E736490B6813F080
:1043B000010308D1344A3548C2E900339360012330
:1043C0000B60204B9847237D002B3FF452AFD4E97C
:1043D00001239A423FF44DAF9B1A2269B2EBA30F1F
:1043E000BFF447AF214601A8294B9847264801A9A9
:1043F000AAE700BF0000000000000000000000006D
:1044000000000000000000000000000000000000AC
:10441000000000000000000000000000000000009C
:10442000000000000000000000000000000000008C
:10443000000000000000000026090000000000004D
:10444000000000000000000000000000000000006C
:10445000000000000000000000000000000000005C
:10446000000000000000000000000000000000004C
:10447000000000000000000000000000000000003C
:10448000000000000000000000000000000000002C
:1044900000000000000000002DE9F04FD0F80C34BF
:1044A0000446032B89B02BD9D0F81434002B50D1FB
:1044B000D0F810544FF0FF3302A800933C4B9847BC
:1044C0000027DFF80491DFF804A1D4F80424EB19E5
:1044D00093423BD202A8C8477E1C211D3246354B71
:1044E000294402A8984748B1334B02A8984748B9D5
:1044F0002A4601212046314B98473E463746E4E79D
:104500000025D7E700272E4B01A902A8019798475D
:104510000028F3D06FF00103DDF80480DFF8B0B0BD
:104520000093B84518D1009B012B22D0022B2DD02F
:1045300013B9B8F1040F35D0204B2A463146204636
:104540009847D4F81C340133C4F81C341D4B03A81D
:10455000984709B0BDE8F08F2FB102A8D8470028CE
:10456000CCD00137DDE7694602A8D0470028F4D057
:10457000F7E7B8F1040FDFD11DB9C4F80834C4F867
:104580000C64C4F81054C4F81464DFE7B8F1030FE6
:10459000D2D11DB9C4F80834C4F80C642E44C4F850
:1045A0001064D3E7002DF9D1C4F80854F4E700BF34
:1045B00000000000000000000000000000000000FB
:1045C00000000000000000000000000000000000EB
:1045D0000000000038B50446006803685B6998472E
:1045E00090B1D4F80434B3F5806F0DD0214651F862
:1045F000040B02681944D568C3F58062A847D4F853
:1046000004340344C4F804342046014B984738BDB1
:10461000000000002DE9F043064685B000682A4BF3
:104620000D4690469847316801A8284B9847284C7A
:10463000284901A8A04738B10024274B01A8984772
:10464000204605B0BDE8F08340462249A047044615
:1046500098B9DFF88C90371DD6F8F43A9C42EBD22B
:10466000384601A9C84710B901341C37F4E7414660
:1046700007F10C00C8470028F6D03068D0F808349D
:1046800033F002031CD1D0F80C140A1FFC2A19D8ED
:104690002B46C21C6C1812F8016F03F8016BA34281
:1046A000F9D14FF0FF330022C0F80834C0F80C24D1
:1046B0000A4B9847041E18BF0124C5F80001BCE747
:1046C0000020F7E71846F5E70000000000000000B2
:1046D00000000000260900000000000000000000AB
:1046E000000000002DE9F04100F110060446D4B0AE
:1046F000642200233046DFF89880C047C8B9194BC0
:1047000004A8984765681849184B01A89847284697
:10471000174B01AA04A998470746164B01A89847CA
:10472000154D304647B9A847144B9847144B04A879
:10473000984754B0BDE8F081A8476068114B04A9C0
:104740009847114F04F12406642200233046C047E5
:1047500030B960680D4B04A998473046A847E5E793
:10476000B847F1E7000000006E05000000000000FF
:104770000000000000000000000000000000000039
:104780000000000000000000000000000000000029
:104790000000000008B5054B98470548054B9847B1
:1047A00010B10348044B984708BD00BF000000004B
:1047B0000000000000000000000000002DE9F041B2
:1047C00000F110060446D4B0642200233046DFF81E
:1047D0009880C047C8B9194B04A89847656818491C
:1047E000184B01A898472846174B01AA04A99847D7
:1047F0000746164B01A89847154D304647B9A847BC
:10480000144B9847144B04A8984754B0BDE8F08166
:10481000A8476068114B04A99847114F04F124067A
:10482000642200233046C04730B960680D4B04A9AC
:1048300098473046A847E5E7B847F1E70000000091
:104840002609000000000000000000000000000039
:104850000000000000000000000000000000000058
:1048600000000000000000000000000008B5054C3A
:10487000054D064E2046A84708B12046B047044BD8
:104880009847F7E70000000000000000000000006B
:1048900000000000F8B50E46044617461D460068A5
:1048A000094B984731462B46084E3A462068B04798
:1048B000064638B1294651F8043B44F8043F201D10
:1048C000034B98473046F8BD000000000000000090
:1048D000000000002DE9F04F012204460F4689B088
:1048E00000F11403D3E8EF1F002903D1C3E8E52F3B
:1048F000002DF7D12ED1DFF8C480274D642200238C
:10490000E06AC04700282AD1636A04F110021868DF
:1049100004F11801214B9847214DE06AA847DFF8C0
:104920007890DFF89CA0DFF89CB064220023A06A96
:10493000C047B0B904A8D0473A462169606A04ABC1
:10494000D847184E78B9A06AA847174B984705A8CA
:10495000B047EAE7154B09B0BDE8F04F1847A84744
:10496000CCE7C847E1E7A06AA847049D05A9104B1A
:1049700001A89847294601AA0E4B2046984701A84E
:10498000B04705A8B04720460B4B984780F0010080
:10499000C0B209B0BDE8F08F0000000000000000C8
:1049A0000000000000000000000000000000000007
:1049B00000000000000000000000000000000000F7
:1049C00000000000000000002DE9F04F0122044625
:1049D0000F468BB000F11403D3E8EF1F002903D179
:1049E000C3E8E02F0028F7D10CBF1546002545D1BC
:1049F000DFF8E8802F4D64220023E06AC0470146BB
:104A000000284BD1636C606A009300682A4D06ABA6
:104A100004F11802A84708B1069B2361E06A274DFC
:104A2000A847DFF89090DFF8B8A0DFF8B8B06422AC
:104A30000023A06AC047002839D106A8D0473A46CB
:104A40002169606A06ABD8471D4E002828D0A06AAD
:104A5000A847069D1B4B07A903A8984729461A4B50
:104A600003AA2046984703A8B04707A8B0472046A6
:104A7000164B984780F00100C0B20CE01449154B6A
:104A800006A89847FF2120460F4B06AA98470C4BD3
:104A900006A8984728460BB0BDE8F08FA847AAE7BC
:104AA000A06AA8470C4B984707A8B047BFE7C8477C
:104AB000BDE700BF00000000000000000000000093
:104AC00000000000000000000000000000000000E6
:104AD000BC08000000000000000000000000000012
:104AE0000000000000000000F8B50E46044617461E
:104AF0001D460068094B984731462B46084E3A46FA
:104B00002068B047064638B1294651F8043B44F8BE
:104B1000043F201D034B98473046F8BD00000000BD
:104B2000000000000000000000232DE9F0470122F2
:104B300004468AB08DF8083000F11403D3E8EF1F63
:104B4000002903D1C3E8E02F0028F7D140D1314F2D
:104B5000314D64220023E06AB847014600284DD158
:104B6000636C606A009300682C4D06AB04F1180278
:104B7000A84708B1069B2361E06A294DA847DFF8E2
:104B80009880DFF8BC90DFF8BCA064220023A06A04
:104B9000B84700283BD106A8C8472169606A06AB20
:104BA00002AAD0471F4E00282AD0A06AA847069D17
:104BB0001D4B07A903A898471C4B294603AA20466A
:104BC000984703A8B04707A8B0472046184B0AE00B
:104BD0001849194B06A898472046144BFF2106AAEE
:104BE0009847104B06A898470E4D04F11800A847A7
:104BF000201DA84720460AB0BDE8F087A847A8E7CF
:104C0000A06AA8470D4B984707A8B047BDE7C04723
:104C1000BBE700BF00000000000000000000000033
:104C20000000000000000000000000000000000084
:104C300000000000BC0800000000000000000000B0
:104C400000000000000000002DE9F04304460E467D
:104C500000F13808A9B04FF0FF33304917464046FD
:104C60004FF0FF328847DFF8E8902D4906A8C84783
:104C700004F124030093019622682A4D04F11003E5
:104C800006A916A8A847284B0DF10B0116A89847AE
:104C9000264D002836D09DF80B30002B32D0244909
:104CA00003A86468C847314609A8224EB04703A943
:104CB0000CA8B047D4F8F43A632B1DD81E4B09A9B1
:104CC000201D9847C0B909A90FA8B0470CA912A880
:104CD000B0471A4B384698471590D4F8F40A184B49
:104CE000421CC4F8F42A1C2202FB00400FA9043025
:104CF0009847144B0FA898470CA8A84709A8A8479D
:104D000003A8A847104B16A8984706A8A8474046EE
:104D10000E4B29B0BDE8F043184700BF000000006B
:104D2000BC050000000000000000000000000000C2
:104D30002609000000000000000000000000000044
:104D40000000000000000000000000000000000063
:104D50000000000000232DE9F0470122044688B03E
:104D60008DF8003000F11403D3E8EF1F002903D1C0
:104D7000C3E8E52F002DF7D13BD1294F294D6422FF
:104D80000023E06AB84700283FD1636A04F11002AB
:104D9000186804F11801244B9847244DE06AA8478D
:104DA000DFF88080DFF8A090DFF8A0A06422002365
:104DB000A06AB847002831D104A8C8476A462169CB
:104DC000606A04ABD0471A4E08B3A06AA847049D96
:104DD00005A9184B01A898472946174B01AA204658
:104DE000984701A8B04705A8B0472046134B9847FD
:104DF00001E0134B98470E4D04F11800A847201D01
:104E0000A847204608B0BDE8F087A847B7E7A06AE2
:104E1000A8470C4B984705A8B047C7E7C047C5E768
:104E20000000000000000000000000000000000082
:104E30000000000000000000000000000000000072
:104E40000000000000000000000000000000000062
:104E50002DE9F04F044600F11008A1B05E4E404627
:104E600004F124090D4604F13807B0474846B0471D
:104E70003846B0472046594B9847002840F0A78055
:104E80004FF0FF324FF0FF33554938468847A0684E
:104E900029460368534DDB699847A06803689B6AFD
:104EA0009847002800F09680A0684F4903682522A3
:104EB0005B6898474D4E0820B0474D4AA368E060B4
:104EC000C0E900231420B0470546D4F80CA0DFF851
:104ED00060B1D8475146DFF85CA1D0472B4643F874
:104EE000040B1846434B9847256040F6F820B0471E
:104EF0000646E568D8472946D047354645F8040BAD
:104F00003D4B40F6F42200212846DFF82CB1DFF8B3
:104F10002CA1984706F6F423594628460993D04712
:104F200005F10C005946D047099B1C359D42F3D131
:104F300000256660C6F8F45A304B29464FF4FA70E3
:104F400098470146206500220023CDE9062305236A
:104F50004FF4FA72CDE90253CDE90055284B294EA2
:104F6000049504F15800B047E064274B274998475F
:104F700027490BA88DF82B50D047CDF80090434619
:104F80000BA92268234D0EA8A847234B0DF12B0136
:104F90000EA8984708B19DF82B00204B84F86001BB
:104FA0000EA898471E4D0BA8A8471E490EA8D0472B
:104FB0004FF480730BAA0EA920460B931A4B984707
:104FC0000EA8A8473846194B98479DF82B0021B0EA
:104FD000BDE8F08FA84760E7000000000000000077
:104FE0000000000000000000770500000000000045
:104FF00008000000000000000000000000000000A9
:105000000000000000000000000000009D050000FE
:10501000A4050000000000000000000000000000E7
:1050200000000000AC0500000000000000000000CF
:105030000000000000000000260900000000000041
:105040002DE9F04F012204468A4689B000F114038D
:10505000D3E8EF1F002903D1C3E8E52F002DF7D1D6
:1050600032D1DFF8E8802D4D64220023E06AC0478A
:1050700000282ED1636A04F11002186804F11801A7
:10508000274B9847274EE06AB047DFF89090DFF84B
:10509000C0B064220023A06AC047E0B9224B04A834
:1050A0009847656A27692868D847394652461F4F8E
:1050B000286804ABB8471E4F78B9A06AB0471D4BAB
:1050C000984705A8B847E4E71B4B09B0BDE8F04F87
:1050D0001847A847C8E7C847DBE7049B05A945F878
:1050E000043F281D154B9847A06AB047049D05A9A9
:1050F000134B01A89847294601AA124B204698470E
:1051000001A8B84705A8B84720460F4B984780F03C
:105110000100C0B209B0BDE8F08F00BF0000000080
:10512000000000000000000000000000000000007F
:10513000000000000000000000000000000000006F
:10514000000000000000000000000000000000005F
:10515000000000002DE9F8431A4B04460F4698471B
:10516000064618B900263046BDE8F883237D1BB1FA
:10517000D4E901239A4215D100256575002398468C
:10518000DFF84C90A8453B60EDD02046C84700288A
:10519000E8D02046C8470028E4D03B6808F1010861
:1051A0000133EFE79B1A2269B2EBA30FE4D2064B5F
:1051B00020469847637D0546002BDFD02046034BF1
:1051C0009847DBE70000000000000000000000003E
:1051D0000000000008B5024B9847013808BD00BF29
:1051E000000000002DE9F0410D46002686B004467F
:1051F000DFF86C80284605A91746CDE903660596B9
:10520000C047431C1FD0284604A9C04701301DD009
:10521000284603A9C04701301BD0059B0093049B7F
:105220000193039B0293E3680BB90B4B98476946C4
:1052300002AB01AA201D2569A847084C3846A047A3
:105240003846A047304606B0BDE8F0816FF0010057
:10525000F9E76FF00200F6E7000000000000000030
:1052600000000000F0B52D4B07468DB008460E46F5
:10527000144698470546B0B929492A4B05A89847CE
:10528000FD2305A9089309A8274B9847274D05A892
:10529000A8472046264B08A9984709A8A8470025F3
:1052A00028460DB0F0BD00233046019301A9214BE3
:1052B0009847019B022B01D81F49DEE7032B01D041
:1052C0001E49DAE73146224638461D4B9847061EEE
:1052D000E6DA1C49134B02A898470A22F1431A4BFD
:1052E00008A89847194B08A902A898470F4D08A885
:1052F000A847174B02A905A89847FD2305A90893BD
:1053000009A8094B984705A8A8472046084B08A9B3
:10531000984709A8A84702A8C0E700BF00000000FE
:105320007C060000000000000000000000000000FB
:1053300000000000000000009C060000EB060000DA
:1053400000000000FF060000000000000000000058
:10535000000000002DE9F047414B81468CB0084623
:105360000E4615469847DFF838813E4CA8B93E49AD
:1053700005A8C047FD2305A9089309A83B4B9847FA
:1053800005A8A04728463A4B08A9984709A8A0476E
:10539000002630460CB0BDE8F0870027354B30467C
:1053A00001A901979847019B012B01D83249DFE7FA
:1053B000022B01D03149DBE7314908A8C047314B06
:1053C0000B9730460BA99847431C0746DFF8D4A03B
:1053D00022D030462C4B08A998470646D0B108A9E0
:1053E00005A80B9FD047D9F80C3002970BB9274B73
:1053F0009847D9F8103005AA02A909F10400984786
:1054000005A8A047224F2846B8472846B84708A80D
:10541000A047BEE76FF0010708A8A0471D4902A8F2
:10542000C0470A22F9431C4B08A898471B4B08A900
:1054300002A8984708A8A04702A905A8D047FD23BD
:1054400005A9089309A8094B984705A8A04728462D
:10545000074B08A9984709A8A04702A897E700BFEB
:1054600000000000000000007C06000000000000BA
:1054700000000000000000009C060000EB06000099
:1054800026090000000000000000000000000000ED
:1054900000000000FF060000000000000000000007
:1054A000000000000000000010B5174A1368013327
:1054B000012B136007D1154B154A1A600022C3E96E
:1054C00007221A765A62134B13489847134B144815
:1054D0009847144C00232046134A6360E360E3635B
:1054E000124B2260124A40F8083F124B2261984743
:1054F000114B04F29C40A3603D2384F840300F4BD5
:1055000098470F4B236010BD000000000000000012
:10551000000000000000000000000000000000008B
:10552000000000000000000008000000080000006B
:1055300080004000000000000800000000000000A3
:105540000800000008B5044A1368013B136013B952
:105550000248034B984708BD000000001C000000F3
:10556000000000002DE9F04FA148ADB0A14BA24CC6
:105570009847DFF8E0A24FF0FF324FF0FF339C482E
:10558000D04794F834529D4E04F50870B0479C4FB4
:10559000BDB94FF0FF334FF0FF3204F50870D0472C
:1055A0002069984B9847002840F005824FF4E1317C
:1055B0002069954B9847002840F0FD8104F508705C
:1055C000B047924C904B4FF4E1310DF11009204659
:1055D00098478B4D8E494846A8474FF0FF324FF011
:1055E000FF3304F13800D0478A4907A8A84704F1DF
:1055F000240300932346CDF8049053F8102BDFF8D2
:10560000408207A91AA8C047834B0DF10F011AA8C1
:105610009847DFF83082002837D09DF80F30002BF4
:1056200033D07E490AA86468A84749460DA8DFF828
:105630002892C8470AA910A8C847D4F8F43A632B9F
:105640001DD8774B0DA9201D9847C0B90DA913A8E7
:10565000C84710A916A8C847724B734898471990B5
:10566000D4F8F40A714B421CC4F8F42A1C2202FB41
:10567000004013A9043098476D4B13A8984710A811
:10568000C0470DA8C0470AA8C0476A4C6A4B1AA871
:10569000984707A8C0470DF110092046B047484673
:1056A000C04766494846A8474FF0FF324FF0FF33E6
:1056B0002046D047574907A8A847A4F114030093F0
:1056C000CDF8049054F8382CA4F1280307A9A4F1CC
:1056D00038081AA85A4CA0474F4B0DF10F011AA8D1
:1056E0009847584C002839D09DF80F30002B35D002
:1056F0004A490AA8D8F80480DFF85CB1A8474946AF
:105700000DA8D8470AA910A8D847D8F8F43A632BAF
:105710001ED8434B0DA908F104009847C0B90DA944
:1057200013A8D84710A916A8D847474B4748984709
:105730001990D8F8F40A3D4B421CC8F8F42A1C22F0
:1057400002FB008013A904309847394B13A89847EF
:1057500010A8A0470DA8A0470AA8A047DFF8D4804A
:10576000354B1AA8984707A8A0470DF1100B4046E3
:10577000B0475846A04736495846A8474FF0FF3231
:105780004FF0FF334046D047224907A8A847A8F169
:1057900014030093CDF804B0A8F1280358F8382C6E
:1057A00007A9A8F1380A1AA8DFF89480C0471A4B55
:1057B0000DF10F011AA89847002872D09DF80F30FC
:1057C000002B6ED015490AA8DAF80480A847DFF844
:1057D00088A059460DA8D0470AA910A8D047D8F8E4
:1057E000F43A632B55D80E4B0DA908F1040035E0AF
:1057F0002002000000000000000000000000000087
:105800000000000000000000000000000000000098
:105810005A150000BC050000000000002609000029
:105820000000000000000000000000000000000078
:1058300000000000380000000000000067150000B4
:105840000000000000000000000000000000000058
:105850007815000000000000000000009847C0B963
:105860000DA913A8D04710A916A8D0477D4B7E4894
:1058700098471990D8F8F40A7C4B421CC8F8F42ACF
:105880001C2202FB008013A904309847784B13A810
:105890009847DFF85C8210A8C0470DA8C0470AA847
:1058A000C047744B1AA8984707A8A0477248B0474A
:1058B0004846A04771491AA8B847714E714A1AA9BB
:1058C0007148B0471AA8A04770491AA8B847704A4B
:1058D0001AA96D48B0471AA8A0476E4E6E48B04747
:1058E0006E48B04744F6206000216D4EB047DFF8A7
:1058F00004923D2269496B48C847DFF8FC81DFF814
:10590000FCA1002800F09E8067491AA8B8471AA891
:10591000C0471AA8A047012304248AF80030DFF802
:10592000E091DFF88CA1DFF8DCB15046C8470123D5
:1059300020224021504600932346D8475B4F5046D3
:105940000534B847E4B2FA200021B047312CECD13D
:10595000DFF8B4B15648C847D847DFF8B0A10146D0
:105960005348D047534C082253491820A047504869
:10597000B847002141F66410B0474D48C847D847A2
:1059800001464B48D04708224C490C20A0474C4BBD
:10599000984701464648D047062222204949A04759
:1059A000062249492E20A0474148B84742F6F82030
:1059B0000021B047B9E00023256944498DF834300F
:1059C00013A8B84705F1240300932A6805F11003D2
:1059D00013A93F4D1AA8A8473E4B0DA91AA89847EE
:1059E00008B19DF83400DFF8289184F834021AA831
:1059F000C847DFF8FC8013A8C047DFF818B1364964
:105A000010A8D8472569354913A8D84705F12403BC
:105A100000932A6805F1100313A92D4D1AA8A84771
:105A20002F4B10A91AA8984705461AA8C84713A8CB
:105A3000C04785F001052B4884F83552B04710A8BF
:105A4000C047BEE53C2215491648C84708B126495B
:105A50005BE73D2210491348C847814600285BD0C8
:105A6000224952E700000000000000000000000092
:105A70000000000000000000380000008815000051
:105A80000000000000000000000000009B15000066
:105A90000000000000000000000000000000000006
:105AA0000000000000000000A81500000000000039
:105AB000080000000000000038160000B5030000D8
:105AC00000000000401600005516000042150000BE
:105AD0000000000000000000260900005015000032
:105AE0000000000020020000CA150000EC150000B4
:105AF0000000000000000000000000005000000056
:105B00000000000000000000000000000000000095
:105B1000000000000000000020491AA8B8471AA899
:105B2000C0471AA8A0478AF800901D4C0F211D48B5
:105B3000A0471D4B98471D4B1D4A18781D4B372118
:105B400000280CBF10461846A04741F288300021BB
:105B5000B047194B9847194B194A1878194B5521DA
:105B600000280CBF10461846A047002141F288309B
:105B7000B047154B0120984764211448A04741F2D3
:105B800088300021B04712491AA8A8471AA8C04770
:105B9000104B1AA898472DB0BDE8F08F07160000EB
:105BA0000000000067160000000000005200000026
:105BB0001915000010150000000000005100000041
:105BC00032150000291500000000000078160000C2
:105BD0007E160000000000000368C9B21B68184769
:105BE000036801211B6B184710B403689C6B0123E9
:105BF000A4465DF8044B6047B0F83A31B0F83E2156
:105C0000981A80B270477047C0F850127047C0F8B9
:105C10004C127047D0F84802004B184700000000B3
:105C200007B5054B8DF8071001220DF10701203053
:105C3000984703B05DF804FB00000000014B2030E2
:105C4000184700BF0000000007B5084B01220DF106
:105C5000070100F59A70984720B19DF8070003B03E
:105C60005DF804FB4FF0FF30F9E700BF00000000D3
:105C700008B5FF2301220B701030024B984700201B
:105C800008BD00BF0000000007B5084B01220DF160
:105C9000070100F59A70984720B19DF8070003B0FE
:105CA0005DF804FB4FF0FF30F9E700BF0000000093
:105CB00070B504460D460368DB699847064BD4F877
:105CC0004802E582A361836804F11001DB6813B127
:105CD000BDE87040184770BD900000000B4B994222
:105CE0000FD00B4B99420ED00A4B994214BF0121A1
:105CF0000321D0F84802836849001B6841F0100175
:105D000018470121F5E70221F3E700BFA086010053
:105D1000801A060040420F002DE9FF41044600238F
:105D200000F59A77009300F59C78B4F84031B0F80C
:105D300038010E46C01AD4F8441180B20B1A9342AF
:105D400028BF1346144D6A4641463846A8470546C3
:105D500048B900252A4641463846104B9847284600
:105D600004B0BDE8F081009B002BF2D0CDE90135F5
:105D70000323D4F848028DF80C309DF80C3082686B
:105D800043F002038DF80C3094683346012201A9D8
:105D9000A0470028DDD1DDE7000000000000000082
:105DA00070B5C38A044663B1D0F8480204F1100507
:105DB00083681B690BB129469847002323616B60F8
:105DC000AB60D4F84802024BBDE87040184700BFF2
:105DD000000000000023F0B585B0428D0093C38C15
:105DE00000F12A079B1A026B9BB2934200F1200636
:105DF000044628BF134639466A463046104DA84728
:105E00000546009AD4F84802CDE901250222A38B69
:105E10008DF80C209DF80C20816842F002028DF86C
:105E20000C208C68012201A9A04704462A46394665
:105E30003046044B9847201E18BF012005B0F0BD26
:105E4000000000000000000003460020C3E94A00F3
:105E5000C3F8300170470023C161C0E90933C0E9CC
:105E60004E33C362C0F8403170470000002230B5A5
:105E70004FF47A74C0E9012404460E4D44F8105BD7
:105E80000261C4E90122C0E9921200F13401C0E9C3
:105E900008124FF4807100F5A474C0E90A22C0E929
:105EA0004D42C0E94F22C0F850220163C0F84411AE
:105EB00030BD00BF0800000013B5D0F850320446D2
:105EC0008DF807205BB1B4F83E21B0F83A01801A92
:105ED00080B2D4F84421411C914200D99847012254
:105EE000054B0DF1070104F59A709847B0FA80F060
:105EF0004009404202B010BD000000000A46024BBB
:105F000001461038184700BF0000000038B514469D
:105F10000022D0F84C32C0E9092200F12005C2620B
:105F200003B19847FF230122237021462846024BE4
:105F30009847002038BD00BF000000000A46024B11
:105F400001461038184700BF0000000008B5D0F81F
:105F500050223AB1B0F83A31B0F83E11581A80B236
:105F600000B19047002008BD0146014B103818478A
:105F70000000000010B50D4A13680133012B1360B7
:105F800007D10B4B0B4A1A600022C3E907221A768D
:105F90005A620949094B0A4898470A490A489847EA
:105FA000BDE8104009490A48184700BF000000003A
:105FB00000000000000000000000000000000000E1
:105FC00000000000000000000000000000000000D1
:105FD0000000000008B5044A1368013B136013B9C0
:105FE0000248034B984708BD000000001C00000059
:105FF0000000000007B503688DF8071001225B68F8
:106000000DF10701984703B05DF804FB004B1847FA
:1060100000000000004908470000000038B50C1AD5
:10602000002C134605DD014622461846024DA847BE
:106030000346181938BD00BF00000000002810B545
:1060400006D001DA034B9847034BBDE810401847D0
:1060500010BD00BF0000000000000000004B18470A
:106060000000000010B500F130044FF0FF3320466F
:106070004FF0FF32034988472046BDE81040024BED
:10608000184700BF000000000000000010B500F13C
:1060900030044FF0FF3320464FF0FF32034988476A
:1060A0002046BDE81040024B184700BF000000002A
:1060B0000000000070B5044600F508764FF0FF328E
:1060C0004FF0FF33304613498847D4F81C32124A48
:1060D00023B9304690474FF0FF3070BDD4F81C32E2
:1060E000ABB1D4F8183223441D7DD4F818320133F3
:1060F000C3F30803C4F81832D4F81C32013BC4F8C7
:106100001C323046D4F81C329047E8B2E5E74FF035
:10611000FF35F6E7000000000000000038B5044637
:1061200000F508754FF0FF334FF0FF3228460A495B
:106130008847D4F81C325BB1D4F81C3243B1D4F890
:1061400018321C44247D2846044B9847204638BD0D
:106150004FF0FF34F7E700BF000000000000000030
:106160000A200021004B18470000000030B583686A
:1061700085B003930023D0E900420D68CDE90142C8
:1061800005604D6845608D688560C1E900338B60AE
:1061900001A8024B984705B030BD00BF00000000C9
:1061A0002DE9F047D0E901739F4204468846DFF8A5
:1061B00078A00AD039460120D04798F80030037003
:1061C000636801336360BDE8F087134A0121134B14
:1061D0009847134B266881469847B91B01440546EA
:1061E0000120D04798F80030394603702A46DFF87E
:1061F0003C803046C0473946421C3846C0470746B7
:1062000026B1A1683046074B891B9847C4E900575F
:106210004D44A560D7E700BF420900000000000020
:10622000000000000000000000000000000000006E
:106230002DE9F047D0E901739F4204468846DFF814
:1062400078A00AD039460120D04798F80030037072
:10625000636801336360BDE8F087134A0121134B83
:106260009847134B266881469847B91B0144054659
:106270000120D04798F80030394603702A46DFF8ED
:106280003C803046C0473946421C3846C047074626
:1062900026B1A1683046074B891B9847C4E90057CF
:1062A0004D44A560D7E700BF420900000000000090
:1062B00000000000000000000000000000000000DE
:1062C0002DE9F043037D05460F4685B01BB1D0E9AB
:1062D0000123934205D100236B75002005B0BDE872
:1062E000F08306699B1AB6EBA30FF4D24FF00108B6
:1062F0003A4B80F815809847C5284FF000042ED0FF
:10630000C62848D0C42861D1424631462846DFF825
:10631000E480CDE901440394C0470646DFF8D890F5
:10632000E3B29E4229690FD80131296138462C4BCE
:1063300001A998472B4B01A898476B7D002BCCD027
:106340002846294B9847C9E7A21C2846C0470DF1AB
:1063500003018DF8030001A8C8470134E0E7424675
:1063600031462846214BCDE901440394984706461F
:10637000DFF88080DFF88090A3B2B3422969D3D2DE
:10638000E21C2846C0470DF103018DF8030001A867
:10639000C8470134F0E7424631462846144BCDE960
:1063A0000144039498470646DFF84880DFF8489098
:1063B000A6422969B8D0621D2846C0470DF10301E5
:1063C0008DF8030001A8C8470134F1E70136CDE993
:1063D00001446C752E610394A8E700BF0000000023
:1063E00000000000000000000000000000000000AD
:1063F00000000000000000000000000007B5044B92
:106400008DF807100DF10701984703B05DF804FB04
:10641000000000002DE9F047D0E901739F420446D7
:106420008846DFF878A00AD039460120D04798F88E
:1064300000300370636801336360BDE8F087134A7E
:106440000121134B9847134B266881469847B91B87
:10645000014405460120D04798F8003039460370C2
:106460002A46DFF83C803046C0473946421C384651
:10647000C047074626B1A1683046074B891B98479D
:10648000C4E900574D44A560D7E700BF42090000AA
:1064900000000000000000000000000000000000FC
:1064A000000000007E2913B504460AD80D4B8DF874
:1064B00007100DF107019847E3680133E36002B06C
:1064C00010BDFF2903D8084BC9B29847F7E7B1F5CB
:1064D000803F03D2054B89B29847F0E7044B9847B9
:1064E000EDE700BF00000000000000000000000019
:1064F0000000000073B50C1E054621DB7E2C08DC75
:106500008DF8044001A9234B9847EB680133EB60F9
:1065100008E0E317B4F5807F73F1000204D21E4B4C
:10652000E1B2984702B070BDB4F5803F73F100034B
:1065300003D21A4BA1B29847F4E7194B9847F1E7F9
:1065400014F11E0FDCDA14F1800F164B06DBD0219C
:10655000984728468DF8044001A9D4E714F5004F68
:10656000114E0BDBD121ADF80440984728460DF1C0
:106570000501B047284601A9B047C6E70194D221DA
:106580009847032401AB19192846B047013CF9D2BA
:10659000BBE700BF0000000000000000000000009A
:1065A00000000000000000000000000070B504467C
:1065B00016461D46074B984720463168064B9847BC
:1065C00020462968054B984720460499044B984774
:1065D00070BD00BF000000000000000000000000CF
:1065E000000000002DE9F0410025044688B0D0F8F5
:1065F000187402AB009104A804211646DFF85480F9
:1066000003AACDE90355CDE9055507950297C04783
:1066100029460D4B04A89847DDE904156D1A2A4652
:1066200020460A4B98478542094A04D004A890475F
:1066300008B0BDE8F081D4F8183404A80133C4F8D8
:10664000183490473760F3E70000000000000000B6
:1066500000000000000000002DE9F0410446002089
:106660001D4688B0D4F81874CDE90300CDE90500C3
:106670000790009102AB042104A81646DFF8588069
:1066800003AA0297C04701210F4B04A89847294647
:106690000E4B04A89847DDE904156D1A2A462046DA
:1066A0000B4B984785420B4A04D004A8904708B08A
:1066B000BDE8F081D4F8183404A80133C4F81834C4
:1066C00090473760F3E700BF0000000000000000C3
:1066D0000000000000000000000000002DE9F04173
:1066E000044600201D4688B0D4F81874CDE9030094
:1066F000CDE905000790009102AB042104A81646DD
:10670000DFF8588003AA0297C04701210F4B04A865
:10671000984729680E4B04A89847DDE904156D1ABF
:106720002A4620460B4B984785420B4A04D004A8C2
:10673000904708B0BDE8F081D4F8183404A80133BC
:10674000C4F8183490473760F3E700BF000000003A
:106750000000000000000000000000000000000039
:1067600038B5037D04460D461BB1D0E901239342A1
:1067700003D100236375002038BD9B1A0269B2EB78
:10678000A30FF6D2044B98472860637D002BF2D00C
:106790002046024B9847EFE7000000000000000091
:1067A0002DE9F04F054600F50879A1B04FF0FF3212
:1067B0004FF0FF334846894EB04795F834428DF884
:1067C0000F40002C40F0F680D5F810A08449D34645
:1067D000844F04A8B8475BF8103BDFF844820EA84A
:1067E0000093C04704A9804A14A8CDE912449047F9
:1067F000009B1422CDE9173B0AF12403199321468B
:106800007A4B1AA898477A4B1AA8984779490AA848
:10681000B847DFF800A2FF210AAA0EA8D047764C9D
:106820000AA8A047012313A9D1E8EF2F002A03D11A
:10683000C1E8E03F0028F7D135D1704C6422002335
:106840001998B04700287DD1179B12AA186814A97F
:106850006B4B984719986B4B9847DFF8A0B1DFF85E
:10686000C4A1642200231898B047002840F08A8011
:106870000AA8C047179B1299186800930191624CAF
:10688000D047DDE900010AAB00680DF10F02A04717
:10689000002859D118985B4B98475C4B9847564B4A
:1068A0000BA89847DDE75A490AA8B8470EA8FF2168
:1068B0000AAAD0470AA8A04700238DF80C3001236C
:1068C00013A9D1E8EF2F002A03D1C1E8E03F002847
:1068D000F7D159D1494C642200231998B0470028B8
:1068E00070D1179B12AA186814A9454B9847454CBC
:1068F0001998A047DFF804A1DFF82CB13E4F6422BD
:1069000000231898B047002865D10AA8C0471299FB
:1069100017980AAB03AAD847002855D01898A04763
:106920000A9C0BA9304B07A898472146394B07AA68
:106930000EA8984707A8B8470BA8B847364B0EA82B
:1069400098472CE0A04779E7009C0A9B0BA944F8E4
:10695000043F201D314B984718982A4B98470A9CB2
:106960000BA9214B07A8984721462A4B07AA0EA836
:106970009847214C07A8A0470BA8A047264B0EA874
:10698000984799E7D8476CE721490AA8B847214BAF
:106990000EA8FF210AAA9847174B0AA89847164C39
:1069A00014A8A0470FA8A04704A8A0479DF80F303F
:1069B00085F834324846134B98479DF80F0021B0B4
:1069C000BDE8F08FA04786E71898A0470F4B98477F
:1069D0000BA8B84793E7D04791E700BF000000003D
:1069E000DA050000000000000000000000000000C8
:1069F00000000000E80500000000000000000000AA
:106A00000000000000000000000000000000000086
:106A1000060600000000000000000000000000006A
:106A20000000000000000000000000002DE9F0431D
:106A300004460D461646DFF89490DFF8948085B042
:106A400000F12407642200233846C847002831D1CA
:106A50002368CDE90000CDE90200DFF878906846B0
:106A60000321D3F80080C847134B6846022198479A
:106A7000124C29466846A04768460121C84731465E
:106A80006846A047DDE90014641A0D4B22464046D3
:106A90009847844208BFD8F81834684604BF0133C9
:106AA000C8F81834074B98473846074B05B0BDE87F
:106AB000F0431847C047C5E7000000000000000091
:106AC00000000000000000000000000000000000C6
:106AD00000000000000000002DE9F041044600F134
:106AE00030070E4615464FF0FF334FF0FF32384661
:106AF0000649884720462946054B40F8046B9847CD
:106B00003846BDE8F041034B184700BF00000000C5
:106B1000000000000000000000232DE9F0470122E2
:106B2000044688B08DF8003000F11403D3E8EF1F5D
:106B3000002903D1C3E8E02F0028F7D13DD12F4F22
:106B40002F4D64220023E06AB84700284BD1606AC9
:106B5000636C00682B4D04F1100204F11801A84782
:106B6000E06A294DA847DFF89880DFF8BC90DFF88D
:106B7000BCA064220023A06AB84700283CD104A826
:106B8000C8476A462169606A04ABD0471F4E002897
:106B90002BD0A06AA847049D05A91D4B01A89847C2
:106BA00029461C4B01AA2046984701A8B04705A8D2
:106BB000B0472046184B98470BE01849184B04A8DB
:106BC00098472046134BFF2104AA98470F4B04A86F
:106BD00098470E4D04F11800A847201DA8472046ED
:106BE00008B0BDE8F087A847ABE7A06AA8470D4BFF
:106BF000984705A8B047BCE7C047BAE700000000C7
:106C00000000000000000000000000000000000084
:106C10000000000000000000000000000606000068
:106C20000000000000000000000000000000000064
:106C30002DE9F043D0F8146404460F4690461D46F3
:106C40008BB096B14A4B04A898474A4B04A8984782
:106C5000D4F81034211D19443246474B04A89847F4
:106C600038B90026454B05A8984730460BB0BDE81B
:106C7000F0834FF00009424E03AB02AA01A904A819
:106C8000CDF80490B04706460028EAD0039BBB42EB
:106C9000E7D1029B3B4F012B1BD02846FC233A49EE
:106CA00040F8043B394B98472046D4F81024D4F8D8
:106CB0001414B847D4F810342BB94FF0FF32C4F88D
:106CC0000C34C4F80824D4F81C340133C4F81C3440
:106CD000C8E7019B042B05D02846FC232C4940F82B
:106CE000043BDFE72B4B04A88DF800909847C028A1
:106CF00031D19DF824301BB1DDE905239A4208D13A
:106D000000238DF825302846FC23234940F8043B16
:106D1000C8E79B1A089AB2EBA30FF1D21F4B04A845
:106D200098479DF825308DF80000002BEBD04146A8
:106D30001B4B04A898470028E5D0D4F810242AB9A2
:106D40004FF0FF33C4F80C24C4F808342046D4F8BC
:106D50001414B84786E76A462946124B04A8984798
:106D60000028EAD12846FC230F4940F8043B99E764
:106D70000000000000000000000000000000000013
:106D80000000000000000000780400000000000087
:106D90009104000000000000AE04000000000000AC
:106DA0000000000000000000CF0400002DE9F04FBB
:106DB000654BA3B080460C46174698470546002809
:106DC00000F0958003AE30466049614DA847DFF87A
:106DD000C8A104EB07094C4573D14FF0000B98F89C
:106DE0003532D8F810A05B4C5B49CDF808B0002BC9
:106DF00000F09F80574606A8A84757F8103BDFF8D9
:106E00009C8110A80193DFF89891C04706A9CDE9AD
:106E100014BB16A8C847019B1422CDE919370AF103
:106E200024031B9359464D4B1CA8984721964C4B65
:106E30001CA898474B490CA8A8474B4FFF210CAA08
:106E400010A8B8470CA8A047012315A9D1E8EF2F37
:106E50005A4503D1C1E8E03F0028F7D1BA4635D101
:106E6000424F434D642200231B98B847002842D16B
:106E70001998219B00683F4D14AA16A9A8473E4FB8
:106E80001B98B847642200231A983849884700287D
:106E90004CD10CA8C047199DDDF850B02868374B7D
:106EA000984759462868DFF8FCB00CAB02AAD847CF
:106EB00018BB1A98304B9847314B98470DA8A047FC
:106EC000E0E7304614F8011BD04784E72D490CA8B1
:106ED000A84710A8FF210CAAB8470CA8A0472A4B26
:106EE00010A8984706A8A0473046029DA04728460C
:106EF00023B0BDE8F08FA847B4E70C9B0DA945F877
:106F0000043F281D214B98471A98B8470C9D0DA99E
:106F100009A8C847294609AA10A8D04709A8A04728
:106F20000DA8A0471A4B10A89847D8E7104B9847D0
:106F3000A8E710A8A84732465046164B10A9984714
:106F400010A8A0470297CFE7000000002709000023
:106F50000000000000000000D0050000000000005C
:106F600000000000E8050000000000000000000034
:106F70000000000000000000000000000000000011
:106F800000000000060600000000000000000000F5
:106F900000000000000000000000000000000000F1
:106FA00000000000000000002DE9F041044600F15F
:106FB00030070E4615464FF0FF334FF0FF3238468C
:106FC0000649884720462946054B40F8046B9847F8
:106FD0003846BDE8F041034B184700BF00000000F1
:106FE000000000000000000038B5044600F1300544
:106FF0004FF0FF3207494FF0FF3328468847246897
:107000002846002CD4BF00240124034B9847204677
:1070100038BD00BF000000000000000000232DE983
:10702000F0470122044688B08DF8003000F11403C7
:10703000D3E8EF1F002903D1C3E8E02F0028F7D1E0
:107040003CD12F4F2F4D64220023E06AB84700281F
:107050004AD1606A636C00682B4D04F1100204F1A0
:107060001801A847E06A294DA847DFF89880DFF8A3
:10707000BC90DFF8BCA064220023A06AB8470028B7
:107080003BD104A8C8476A462169606A04ABD0476F
:107090001F4E00282AD0A06AA847049D1D4B05A9B1
:1070A00001A898471C4B294601AA2046984701A8E9
:1070B000B04705A8B0472046184B0AE01849194BBD
:1070C00004A898472046144BFF2104AA9847104B68
:1070D00004A898470E4D04F11800A847201DA847A2
:1070E000204608B0BDE8F087A847ACE7A06AA847EB
:1070F0000D4B984705A8B047BDE7C047BBE700BFA9
:10710000000000000000000000000000000000007F
:10711000000000000000000000000000000000006F
:107120000606000000000000000000000000000053
:10713000000000002DE9F043D0F8146404460F4627
:1071400090461D468BB096B14A4B04A898474A4BCF
:1071500004A89847D4F81034211D19443246474BEF
:1071600004A8984738B90026454B05A898473046EB
:107170000BB0BDE8F0834FF00009424E03AB02AA0A
:1071800001A904A8CDF80490B04706460028EAD02B
:10719000039BBB42E7D1029B3B4F012B1BD02846F0
:1071A000FC233A4940F8043B394B98472046D4F831
:1071B0001024D4F81414B847D4F810342BB94FF075
:1071C000FF32C4F80C34C4F80824D4F81C3401335A
:1071D000C4F81C34C8E7019B042B05D02846FC23C7
:1071E0002C4940F8043BDFE72B4B04A88DF80090B6
:1071F0009847C02831D19DF824301BB1DDE9052323
:107200009A4208D100238DF825302846FC232349D3
:1072100040F8043BC8E79B1A089AB2EBA30FF1D2DF
:107220001F4B04A898479DF825308DF80000002BCF
:10723000EBD041461B4B04A898470028E5D0D4F872
:1072400010242AB94FF0FF33C4F80C24C4F80834D2
:107250002046D4F81414B84786E76A462946124BEC
:1072600004A898470028EAD12846FC230F4940F893
:10727000043B99E70000000000000000000000004F
:107280000000000000000000000000007804000082
:10729000000000009104000000000000AE040000A7
:1072A000000000000000000000000000CF0400000B
:1072B0002DE9F04F012204468A4689B000F11403FB
:1072C000D3E8EF1F002903D1C3E8E02F0028F7D14E
:1072D0000CBF1546002534D1DFF80081324D642201
:1072E0000023E06AC04700283BD1606A636C0068F5
:1072F00004F1100204F118012C4DA8472C4EE06A4D
:10730000B047DFF8A490DFF8D8B064220023A06A69
:10731000C047002845D1274B04A89847656A2769CC
:107320002868D84739465246234F286804ABB847E7
:10733000224FC0B9A06AB047214B984705A8B8476B
:10734000E3E72049204B04A89847FF2120461F4B24
:1073500004AA9847194B04A89847284609B0BDE8E5
:10736000F08FA847BBE7049B05A945F8043F281DFB
:10737000174B9847A06AB047049D164B05A901A872
:1073800098472946114B01AA2046984701A8B847BB
:1073900005A8B8472046104B984780F00100C0B2BE
:1073A000DCE7C847B1E700BF0000000000000000B4
:1073B00000000000000000000000000000000000CD
:1073C00000000000060600000000000000000000B1
:1073D00000000000000000000000000000000000AD
:1073E000000000002DE9F0479EB0044601910029FD
:1073F0004BD0354B9847002847D004F508774FF01D
:10740000FF324FF0FF333846304988472669002560
:10741000B0462F49DFF8E89006A8CDE90355059559
:10742000C8472C4B0CA858F810AB984706A92A4B14
:1074300012A8CDE910552436984714222946274B27
:1074400018A8CDE915A81796984701AB1D93244BB2
:1074500018A89847234909A8C847FF21224B09AA21
:107460000CA89847214D09A8A84706A8A847204B73
:1074700003A90CA8984758B938461E4B98471E4B8D
:107480000CA898471D4B03A898471EB0BDE8F0878D
:10749000DDE903218A42EFD0D4F81C32B3F5007F36
:1074A00010D0D4F81432107823441875D4F814325C
:1074B0000133C3F30803C4F81432D4F81C32013387
:1074C000C4F81C320132E5E70000000000000000B3
:1074D000C7050000000000000000000000000000E0
:1074E00000000000E80500000000000000000000AF
:1074F000000000000000000000000000000000008C
:107500000000000038B5044600F508750B494FF03F
:10751000FF324FF0FF3328468847D4F81C12C1F5DC
:107520000071002902DD2046054B9847D4F81C4223
:107530002846044B9847204638BD00BF0000000095
:107540000000000000000000F8B5244A244E136833
:107550000133012B136006D10022224BC3E907221D
:107560001E601A765A6200241F4F142221461F48BB
:10757000C6E90044F460B847142221461C48B847C5
:10758000142221461B48B8474FF4847221461A48FA
:10759000C6E91344B847194B194DB3604FF47A73D9
:1075A000AB60184B4FF40072214605F114002B60BC
:1075B00086F860416C602E61B8471422214605F5BB
:1075C0000870C5F81442C5F81842C5F81C42B847FF
:1075D0004FF48073A5F83432F8BD00BF00000000FE
:1075E000000000000000000000000000100000008B
:1075F00024000000380000005800000000000000D7
:10760000000000000800000008B5044A1368013BB0
:10761000136013B90248034B984708BD00000000EF
:107620001C00000000000000004B18470000000094
:10763000002202607047016070470000012330B5EE
:10764000044689B0009302AA03A802232121084D11
:10765000A847226803A9074B6920984704460021E0
:107660004FF4FA70044B9847204609B030BD00BF74
:107670000000000000000000000000002DE9F043C1
:107680004FF00108044693B007A80E4617464FF482
:1076900071710CAA1D46DFF8B0901823CDF8008058
:1076A000C84769202268224B07A9984700283BD188
:1076B000C82000211F4B984718221F4B0CA903A874
:1076C0009847CDF800802368182169201B4C03AA35
:1076D000A047002828D1314603A8194EB0473946A3
:1076E000044603A8B0472946044303A8B047A4B200
:1076F0001A99044303A8B047A4B2124D1B9904433E
:1077000003A8A847A4B21C99044303A8A847A4B29D
:107710001D99044303A8A847A4B204431E9903A8D3
:10772000A847A4B2204380B213B0BDE8F08300BFE5
:107730000000000000000000000000000000000049
:10774000000000000000000000000000F0B58BB059
:107750001D460DF12603049309AB03930DF122039B
:10776000029308AB01930DF11E030F4616460093DA
:10777000534C07AB0DF11A0206A9A047002840F0B0
:107780009D804FF6FF73BDF81840BDF81A109C425B
:107790001EBF07EE904AF2EE046AF8EEE77A4FF663
:1077A000FF7314BF87EEA67A9FED467A99421EBFFB
:1077B00007EE901AF2EE046AF8EEE77A4FF6FF73DE
:1077C000BDF81C2087ED007A14BF87EEA67A9FEDE6
:1077D0003D7A9A421EBF07EE902AF2EE046AF8EE56
:1077E000E77A4FF6FF72BDF81E3086ED007A14BFBF
:1077F00087EEA67A9FED337A93421EBF07EE903A4A
:10780000F2EE046AF8EEE77A85ED007A14BF87EEAF
:10781000A67A9FED2C7A47F6FF72109B83ED007AD3
:10782000BDF9203093421DBF07EE903ADFED266A86
:10783000F8EEE77A9FED237A18BF87EEA67A47F62F
:10784000FF72119B83ED007ABDF9223093421DBF78
:1078500007EE903ADFED1D6AF8EEE77A9FED197AB0
:1078600018BF87EEA67A47F6FF72129B83ED007A67
:10787000BDF9243093421DBF07EE903AF2EE046A40
:10788000F8EEE77A9FED0F7A18BF87EEA67A47F6F3
:10789000FF72139B83ED007ABDF9263093421DBF22
:1078A00007EE903AF2EE046AF8EEE77A9FED057A79
:1078B00018BF87EEA67A149B83ED007A0BB0F0BD5B
:1078C000000000000000C07F0000C84200004843E4
:1078D000012330B5044689B0009302AA03A802230D
:1078E00045F20761074DA847226803A9064B6920A6
:1078F000984704460021C820044B9847204609B009
:1079000030BD00BF000000000000000000000000CB
:107910002DE9F0411E4601230C468AB0174646F277
:10792000B20102AADFF85880009305460B2305A890
:10793000C0472146DFF84C8005A8C04739460446B9
:1079400005A8C047314604430A4B05A89847A4B28E
:107950000443A4B24CB9084B05A969202A6898478A
:1079600000210446054BC820984720460AB0BDE8D0
:10797000F08100BF000000000000000000000000D7
:107980000000000000000000DFED087A20EE270A6A
:10799000BDEEC00A002310EE101A10B4044C1A46B3
:1079A000A44609B25DF8044B604700BF000048439D
:1079B00000000000F0B5012604468FB0062303AA9C
:1079C00009A80D46104F4DF206210096B8476920D0
:1079D00022680E4B09A99847A0B9C82000210C4B7A
:1079E000984706220B4B03A905A8984700962368E1
:1079F00006216920084C05AAA04718B92946074B5B
:107A000005A898470FB0F0BD00000000000000007E
:107A10000000000000000000000000000000000066
:107A2000012330B5044689B0009302AA03A80223BB
:107A30004DF20431074DA847226803A9064B69207F
:107A40009847044600214FF4FA60044B98472046BB
:107A500009B030BD00000000000000000000000080
:107A6000074A13680133012B136007D1054B064AFF
:107A70001A600022C3E907221A765A62704700BFD3
:107A800000000000000000000000000008B5044AEB
:107A90001368013B136013B90248034B984708BDB4
:107AA000000000001C0000000000000030B5014490
:107AB000044610468C4200D130BD082514F8012B35
:107AC000504010F0800F4FEA40021ABFD2B282EA53
:107AD0000300D0B26A1E12F0FF05F2D1EAE70000FF
:107AE00010B4034C3123A446FF225DF8044B6047D9
:107AF0000000000010B4034C3123A44600225DF8BE
:107B0000044B6047000000000AB9024B1847024BC3
:107B1000FCE700BF0000000000000000F0B5030417
:107B20000C4615468BB000F47F41C6B209D52046FD
:107B3000774C33462946A446764A0BB0BDE8F04060
:107B40006047B1F5407F00F0B3800AD8B1F5807F7F
:107B5000714B33D0B1F5007F6AD039B32A466F49F3
:107B6000AEE0B1F5806F00F0AE80B1F5A06FF5D159
:107B70006F463A466A4B03F1200EBC4618685968B6
:107B80000833ACE8030073456746F6D11868998856
:107B90009B79CCF80000ACF804108CF8063029462C
:107BA000334620465A4CA0470BB0F0BD0028D5D133
:107BB0005C4920460BB0BDE8F0401847102ECDD8E8
:107BC00001A252F826F000BF0D7C00005D7B000092
:107BD0005D7B00005D7B00005D7B00005D7B000045
:107BE0005D7B00005D7B00005D7B0000137C00007E
:107BF0005D7B00005D7B00001F7C0000257C000099
:107C00002B7C00005D7B0000197C00002A46464961
:107C1000CFE72A464549CCE72A464549C9E72A46DF
:107C20004449C6E72A464449C3E72A464349C0E7D0
:107C3000102E93D801A252F826F000BF817C0000DC
:107C4000877C00005D7B00005D7B00005D7B0000A9
:107C5000937C00008D7C00005D7B00005D7B00005C
:107C60005D7B00009F7C0000997C00005D7B000034
:107C70005D7B00005D7B0000A57C0000AB7C00000C
:107C80002A462F4995E72A462E4992E72A462E4949
:107C90008FE72A462D498CE72A462D4989E72A464F
:107CA0002C4986E72A462C4983E72A462B4980E758
:107CB0002EB1032E7FF452AF2A46294900E029490C
:107CC0002046154B76E7144B082E3FF647AF01A22E
:107CD00052F826F0F97C00005D7B0000FF7C00007C
:107CE000B97C00005D7B00005D7B00005D7B0000D7
:107CF0000B7D0000057D00002A461B4959E72A46F6
:107D00001A4956E72A461A4953E72A46194950E7BD
:107D1000000000003D0000000000000059020000CB
:107D2000700200005A000000630000006F000000B5
:107D300087000000AF000000D4000000F600000043
:107D40000F0100001A01000036010000510100007F
:107D5000630100007301000097010000B001000002
:107D6000DD010000CE010000F80100000702000064
:107D70001D0200003B02000070B514460D4613685A
:107D80000146DB6A104698472368AA685B68296841
:107D9000204698470646236820465B6B9847AB68A9
:107DA000B34205D1032803D8034B33F8100070BD4C
:107DB0004FF48770FBE700BF000000002DE9F04F93
:107DC0000325B1FBF5F585B090461F466A009DF886
:107DD000383005EB45054D1B019002935FD1D8F873
:107DE00004309A425ED80EB2302ECCBF4FF0000B5A
:107DF0004FF0010B4FF0300A302ED8BF4FF0010B7F
:107E00003B68D8BF5FFA86FA9C6B52465B463846A1
:107E10000199A047C4B2A24536D040F20F2028E015
:107E20003B6838465B699847D8F8003058553B683E
:107E300038465B699847D8F80020AB1C2A4450703C
:107E40003A6803935269384690478146D8F8000053
:107E5000164B0221029A284498475FFA89F9814516
:107E6000039B0ED03B6838461B69984720B940F207
:107E70000B2005B0BDE8F08F3B6838465B6998473A
:107E8000F0E71D46033CE4B2002CC9D1A6EB0A067C
:107E900036B2002EB0DC2046C8F80C50E9E740F2BC
:107EA0000A20E6E740F20320E3E700BF00000000FD
:107EB000074A13680133012B136007D1054B064AAB
:107EC0001A600022C3E907221A765A62704700BF7F
:107ED00000000000000000000000000008B5044A97
:107EE0001368013B136013B90248034B984708BD60
:107EF000000000001C00000000000000C0E900239A
:107F0000022310B5C0E902339DF8083051700374A4
:107F10000B0A137010BD000010B5D0E901239A427E
:107F2000044602D840F2033010BD0268581CA0601D
:107F3000D1540E4AD4E90203C31A534303F1AA33BE
:107F4000B3F1553F01D30020EEE763689842E9D2D0
:107F5000236802380221227C1844054B9847A36805
:107F60002268591CA160D054EDE700BFABAAAAAAB1
:107F700000000000F8B50D46054F090A0646B8474F
:107F8000E9B204463046B847204380B2F8BD00BF8E
:107F900000000000014B89B2184700BF000000003C
:107FA000074A13680133012B136007D1054B064ABA
:107FB0001A600022C3E907221A765A62704700BF8E
:107FC00000000000000000000000000008B5044AA6
:107FD0001368013B136013B90248034B984708BD6F
:107FE000000000001C00000000000000C0E90012BA
:107FF0000022C0E90222704710B5C368032B25D9BF
:10800000836802685C1C8460D35C1B060B60836819
:1080100002685C1C8460D25C0B6843EA02430B601C
:10802000836802685C1C8460D25C0B6843EA0223AC
:108030000B60836802685C1C8460D25C0B6813432D
:108040000B60C368043BC360002010BD40F20240D7
:10805000FBE710B5C368012B13D9836802685C1C69
:108060008460D35C1B020B80836802685C1C8460A4
:10807000D35C0A8813430B80C368023BC3600020B3
:1080800010BD40F20240FBE7002313B50C46ADF8EB
:1080900006300DF10601034B9847BDF806302380EA
:1080A00002B010BD00000000074A13680133012B25
:1080B000136007D1054B064A1A600022C3E9072264
:1080C0001A765A62704700BF0000000000000000EE
:1080D0000000000008B5044A1368013B136013B99F
:1080E0000248034B984708BD000000001C00000038
:1080F00000000000074A13680133012B136007D109
:10810000054B064A1A600022C3E907221A765A6212
:10811000704700BF000000000000000000000000E9
:1081200008B5044A1368013B136013B90248034BB6
:10813000984708BD000000001C000000000000007F
:10814000004B18470000000030B50E4B87B00446C6
:108150000D460A200021984703220B490B4B02A829
:10816000984701230093236820790321084C02AA31
:10817000A04700B220B92946064B02A8984700B292
:1081800007B030BD000000004810000000000000F3
:108190000000000000000000002202600271704731
:1081A00010B50F4B98470AA3D3E900230D4CA04705
:1081B00009A3D3E900230C4CA04700220B4B0C4C25
:1081C000A0470C4B984700EE100A10BDAFF300809B
:1081D0000000000000E0654000000000E0FFEF400C
:1081E0000000000000000000000000000080464089
:1081F0000000000000000000012330B5044689B0F3
:10820000009303A8022342F2B111054A054DA84785
:1082100022682079044B03A9984700B209B030BD09
:108220004810000000000000000000002DE9F043AD
:108230004FF0010804468DB007A80F4616464EF6CB
:1082400005411A4A1D46DFF87C900923CDF80080CD
:10825000C84722682079164B07A9984700B208BB87
:108260000A200021134B984709221049124B03A8FA
:108270009847CDF800802368207909210F4C03AA84
:10828000A04700B270B9394603A80D4FB847314630
:10829000044603A8B8472946044303A8B847A4B234
:1082A000204300B20DB0BDE8F08300BF48100000CD
:1082B00000000000000000000000000000000000BE
:1082C0000000000000000000F7B51D460023184C18
:1082D000ADF80230ADF80430ADF806300F46164662
:1082E0000DF1060301AA0DF10201A0470446C0B931
:1082F000BDF80230BDF804003B800E4B98470E4B92
:1083000086ED000ABDF8060098470C4E00220C4B83
:10831000B04705A3D3E900230A4EB0470A4B98475C
:108320002860204603B0F0BD00000000E0FFEF40F1
:10833000000000000000000000000000000000003D
:10834000000059400000000000000000012330B58B
:10835000044689B043F686710A4A009303A80223B3
:10836000094DA84722682079084B03A9984704B211
:1083700024B941F288300021054B9847204609B0C6
:1083800030BD00BF481000000000000000000000E9
:1083900000000000012370B50C4688B042F21D4178
:1083A0000D4A00930546052303A80C4EB04721460D
:1083B0000B4B03A8984704B254B92A682879094B93
:1083C00003A9984704B21CB90A200021064B98471C
:1083D000204608B070BD00BF48100000000000003B
:1083E000000000000000000000000000000000008D
:1083F00070B5114B044610EE100A98470AA3D3E952
:1084000000230E4DA8470AA3D3E900230C4DA8472B
:1084100000220C4B0C4DA8470C4B98470C4B81B2DB
:108420002046BDE87040184700000000E0FFEF4024
:108430000000000000E065400000000000000000B7
:10844000000000000000E03F00000000000000000D
:1084500000000000012370B5044688B00A4A00936A
:1084600003A803230D46094E4EF2B841B0472268D7
:108470002079074B03A9984700B218B9294620462E
:10848000044B984708B070BD481000000000000081
:108490000000000000000000002313B50C46ADF8FA
:1084A00006300DF10601064B984738B9BDF8063085
:1084B000C3F30A03003B18BF0123237002B010BDB1
:1084C00000000000012330B5044689B043F2466144
:1084D0000A4A009303A80223094DA847226820797D
:1084E000084B03A9984704B224B94FF496700021B1
:1084F000054B9847204609B030BD00BF481000002A
:10850000000000000000000000000000012330B562
:10851000044689B0009303A8022343F2F661084A97
:10852000084DA847226803A92079074B98474FF4C4
:1085300096700021054B9847002009B030BD00BF60
:1085400048100000000000000000000000000000D3
:108550000160027170470000074A13680133012B64
:10856000136007D1054B064A1A600022C3E90722AF
:108570001A765A62704700BF000000000000000039
:108580000000000008B5044A1368013B136013B9EA
:108590000248034B984708BD000000001C00000083
:1085A00000000000704770477047704770479C4656
:1085B0002DE9F04F85B09DF83880ACEB0106002E18
:1085C000A8EB0207B8BF7642002FB8BF7F42F6B2D1
:1085D0008C450D4614469DF83C3001900096FFB244
:1085E00007D190454CD1C468A44605B0BDE8F04F12
:1085F0006047009ABA4202D29346BA4608E0424621
:10860000E04694462246BB460C461546DDF800A0DF
:10861000444505D92A466546944622464446904636
:10862000654534BF01224FF0FF324FEA5A090292EA
:10863000444505D905B0BDE8F08FDDF800B0DCE7B2
:10864000019AA9EB0B09D26801981646009A039388
:10865000BA4235BF22462A4629462146B0475FFA2C
:1086600089F24FFA89F9B9F1000F039B05DA0299F3
:1086700052440D44EDB24FFA82F90134E4B2D7E727
:10868000009ABA42D9D392464246E04694462246E0
:10869000BB460C461546C3E72DE9F3470546884619
:1086A00092469DF82C709DF82840CDE900275E1E6B
:1086B0000E44013C5FFA86F914444669E4B24B4625
:1086C000B047CDE900474B462246414628466E69F1
:1086D000B047A4EB0A03022B17DDCDE900470AF1EE
:1086E000010A5FFA8AFA4346524641462846AE6975
:1086F000B047CDE90A47AC694B4652464946284641
:10870000A44602B0BDE8F047604702B0BDE8F0877C
:108710002DE9F04F9846164604468A46C3F10103F8
:1087200087B05BB20093C8EBC8135B009DF8405064
:108730005BB2049342444FFA88F3C7680193D2B204
:108740002B46B847A6EB08022B4651462046E76861
:10875000D2B2B84708EB0A012B4632462046E768FA
:10876000C9B2B847AAEB08012B4632462046E76853
:10877000C9B2B84700230293DDE90123934202DB2B
:1087800007B0BDE8F08F009B002B0CDB019B013B89
:108790005BB20193049B02335AB20492009A52FADC
:1087A00083F35BB20093029B204601335FFA83FBA5
:1087B0005BB20293009BE76803EB4B0301335BB2B0
:1087C00000930AEB0B03DBB20393019B039956FA68
:1087D00083F2D2B22B469DF804800592B847AAEBEB
:1087E0000B035FFA83F949462B462046059AE76852
:1087F000B847A6EB08022B4620460399E768D2B299
:108800000592B8472B4649462046059AE76808EB8B
:108810000A09B8475FFA89F906EB0B02AAEB0808C8
:108820002B4649462046E768D2B25FFA88F8A6EBA5
:108830000B0B03925FFA8BFBB8472B464146204651
:10884000039AE768B8472B465A4649462046E768E8
:10885000B8472B465A4641462046E768B8478BE75B
:108860002DE9F04F1646C3EBC312520089B052B245
:1088700005925AB29DF84880C3F101050292F21A9E
:108880003344DBB20093CDF804800B468769D2B243
:1088900004468946B84700236DB20393DDE90223FD
:1088A000934202DB09B0BDE8F08F002D0ADB029B8A
:1088B000013B5BB20293059B02335AB255FA83F334
:1088C00005925DB2039B9DF808B001335FFA83FA0D
:1088D0005BB203934FEA4A03DBB20BEB060106934C
:1088E000C9B20133CDE900182B445DB209EB0A038C
:1088F000DBB2A6EB0B022046A769D2B2049119465F
:108900000792B847049AA9EB0A030092DBB2CDF8AC
:10891000048019462046079AA769B8470699A6EB2E
:108920000A0A5FFA8AF251FA8AFA5FFA8AFACDE9FC
:1089300000A80BEB0903DBB219462046A769049295
:10894000B847CDE900A8A9EB0B03DBB219462046D6
:10895000049AA769B847A1E72DE9F04F8FB09B466D
:10896000466B9DF8603005468A4608920993002EB2
:1089700039D0BBF1000F36D05846454B984701908F
:10898000002830D074793046072C94BF0124E408C5
:10899000621E53425341029332793389B3FBF2F2A0
:1089A00014FB03F39BB20593336804921B6898474A
:1089B000002306900093696B009B8A791BF80330B3
:1089C0009B1ACA799BB29A4210D8009B029A013333
:1089D00000936B6B1B79134453445FFA83FADDE910
:1089E00000239342E7DC0FB0BDE8F08F049A4FF00C
:1089F0000008B3FBF2F20498097900FB123311FB73
:108A000003F30599089E12FB0132069B13FA82F3C9
:108A10000A934FF0000906F10803DBB20B936A6B6F
:108A2000029813795FFA89F11818814208DB08F17E
:108A300001085FFA88F308369C42F6B2E9D8C4E729
:108A4000012C04D18B4202D109F10109E7E7138916
:108A50000A9A08FB03139B5C324607930D4B514463
:108A60000393C9B2039810F8013B0390079803429F
:108A700007D02846099BEF68CDE90C12B847DDE91D
:108A80000C120B9B0132D2B29342EBD1DCE700BF58
:108A9000000000000000000070B50546044655F8CF
:108AA0000C6B0FCE0FC50FCE0FC596E8030085E8FF
:108AB0000300144BE2689A4206D1134B134819681D
:108AC000134B9847002070BD124B62699A4208BF51
:108AD0002369A26908BF63610F4B9A4208BF2369EB
:108AE000226A08BFA3610D4B9A4208BFE369A26ADC
:108AF00008BF23620A4B9A4201D00120E3E7636A70
:108B0000A362FAE700000000000000003406000045
:108B10000000000000000000000000000000000055
:108B20000000000041637047F0B49DF81470994252
:108B300004469DF81060059704D184690496A44604
:108B4000F0BC6047B24215BF0496446924690492A0
:108B5000F5E70000F0B5012B04460F4616461D460A
:108B60009DF814C09DF818E002D9BCF1010F10D88F
:108B700001220692721E7B1E624420460C4C2B443E
:108B8000D2B2059239463246A446BDE8F040DBB287
:108B900060470589A94209DA4589AA4206DACDE982
:108BA00005CEC469A446BDE8F0406047F0BD00BFF3
:108BB00000000000F0B5012B04460F4616461D4686
:108BC0009DF814C09DF818E002D9BCF1010F10D82F
:108BD00001220692721E7B1E624420460C4C2B44DE
:108BE000D2B2059239463246A446BDE8F040DBB227
:108BF00060470589A94209DA4589AA4206DACDE922
:108C000005CE046AA446BDE8F0406047F0BD00BF51
:108C1000000000002DE9F0419DF818C0DBB1B0F86C
:108C200008804FFA83FEA1EB0E07474513DA478908
:108C3000A2EB0E06BE420EDA012B05D1C4686346D4
:108C4000A446BDE8F0416047446ACDF818C0A44688
:108C5000BDE8F0416047BDE8F081F0B49DF81070C8
:108C60005BB1B0F808C0614507DA4689B24204DA60
:108C7000046B0497A446F0BC6047F0BC704700004A
:108C800010B5436B044613B9014B9847606310BDA0
:108C90000000000010B50446034B98472046BDE88D
:108CA0001040024B184700BF000000000000000009
:108CB00010B5436B04460BB9014B9847606B10BD70
:108CC000000000000378114023EA02030B43037005
:108CD000704790F9003010B5002914BF1C4683F08E
:108CE000010414406340037010BD90F9003010B5CA
:108CF0000478002C14BF194683F0010111404B4049
:108D0000037010BD037823EA0203037070470378F1
:108D10001A43027070470000F8B5044600890D46FA
:108D20008142164624DA6289964221DA114906F018
:108D30000702F6088A5C94F884700F4900FB06501D
:108D4000002B51F8277008BF1946E36B18BF114676
:108D500004EB86041844B847B4F942309D42B4F994
:108D60004430B8BFA4F842509D42C8BFA4F8445054
:108D7000F8BD00BF000000000000000070B49DF8C6
:108D80000C409DF81060013C14440568E4B2049660
:108D90000394EC68013B0B44A44670BCDBB2604713
:108DA0002DE9F04F80460E4691B0B8F808101546F0
:108DB0009DF870208E429DF868009DF874400492E2
:108DC00034DAB8F80A20954230DA049F002F2DD00B
:108DD000002C2BD09F19B942BCBF891BCBB2049980
:108DE0008B4228BF0B46059343199A42BCBF521BC6
:108DF000D0B26B1EA04294BF1B181B19DAB20692A8
:108E0000C3F3C40298F884100992504A03F0070390
:108E100052F821200D930A92EA08029208EB820789
:108E200000220192099B029A934202DA11B0BDE836
:108E3000F08F05F0070305F10802D21A0393069B91
:108E4000FF219A420D9BD4BF07241C46039BC4F10B
:108E50000702C3F101000444019841FA02F200F054
:108E6000070B0BF1FF309A40E3B250FA84F4E4B2FE
:108E7000CBF108009842CCBFA4464FF0070C4FF04E
:108E8000000ACCF1070041FA00F000FA0BF0A4EB65
:108E90000C04C0B2E4B20790C4F108000141C9B2A9
:108EA000089101991B984FEAD1090499D2B219FB94
:108EB00001F9494441180B91191B81440C91059803
:108EC0005FFA8AF1884218D8019A1D441A44D3B235
:108ED0000193B7F94230B7F944209E42059BB8BFD1
:108EE000A7F8426033449342C8BFA7F84430029BBE
:108EF000EDB201330293043794E719F8010B079997
:108F0000084040FA0BFCB4B95FFA8CF10F93039B55
:108F1000B8F808C09940029BD8F83C0003FB0C6CE1
:108F2000D4440A9B0E92C9B260449847DDE90E23EF
:108F30000AF1010AC3E70B99089811F80A100140D9
:108F40000C98814041EA0C01C9B2DFE70000000043
:108F50002DE9F74F1D46438904469A420E4633DAFF
:108F6000A94282BF0B462E461D4603891D489D42DD
:108F700002F007014FEAD20710F801A0A8BF03F1E1
:108F8000FF35194903FB076394F88400A8BFEDB2CD
:108F900051F82090E06BB34600EB03089DF83430A5
:108FA000002B14BF51460021AB4510DD04EB8704B4
:108FB000B4F942309E42B4F94430B8BFA4F84260DC
:108FC0009D42C8BFA4F8445003B0BDE8F08F4046AE
:108FD00001915246C8470BF1010B019908F10108B4
:108FE000E2E700BF00000000000000002DE9F04FA4
:108FF00089B099469DF84C308046039303890D460D
:10900000994214469DF8486023DAB24282BF134663
:1090100034461E46438990F884209E42A4BF03F143
:10902000FF33DEB2F3084945019382BF0B464D463C
:1090300099462A4B4FEAD40A53F822300FFA8AF79E
:10904000029306F0070300EB87070493019B9A4500
:1090500002DD09B0BDE8F08F04F0070B04F108034E
:10906000A3EB0B03B342049BD8BF0723FF2200935B
:10907000C3F107031A41039B02FA0BF2002BD2B291
:1090800014BF114600212B464B4515DD009BCBF14B
:10909000010BA3445B44DCB2B7F942300AF1010A88
:1090A0009D42B7F94430B8BFA7F842509945C8BFB0
:1090B000A7F844900437C9E7B8F808C0D8F83C00CE
:1090C0000AFB0C3CCDE9051207936044029B9847CC
:1090D000DDE90512079B0133D6E700BF0000000061
:1090E0002DE9F041C36B05465BB100264FF08008C7
:1090F000194F95F84020F3B29A4204D8012385F81D
:109100008230BDE8F08105EB8304B4F96220B4F944
:1091100042109142C8BFA4F84220B4F94410B4F9F7
:109120006420B4F942009142B8BFA4F844208028DA
:1091300010D02989B4F94420121A03FB0100EB6B0B
:10914000002118440132B8474FF6FF73A4F842805B
:10915000A4F844300136CCE7000000000378594001
:10916000114023EA020341EA030202707047000043
:10917000002380F83830C36380F88430C0F888302A
:10918000044B0122C0F88C308F2380F88320A0F894
:10919000903070470012F14080F88D10704780F8D1
:1091A0008E10704780F88F107047C0F8881080F8D4
:1091B0008C20704701B1C1637047000010B4054CAA
:1091C0000B46A44690F88C100022D0F888005DF879
:1091D000044B60470000000070B590F84030044632
:1091E0008B42154614D903899A4211DA094E41F08F
:1091F000B001B047A388290941F010011944204665
:10920000C9B2B047204605F00F01B047012070BD3C
:109210000020FCE7000000001FB5022300938DF83A
:109220000C108DF80D2090F88C100022034C03AB2D
:10923000D0F88800A04704B010BD00BF00000000B7
:109240000A4690F8911011B980F89020704781215A
:10925000004B1847000000002DE9F04104460F467E
:10926000244E09B1AE21B047234D8022D52120469E
:10927000A8476289A821013A2046D2B2A847002215
:10928000D3212046A84740212046B04714228D21F3
:109290002046A847022220212046A847A621204692
:1092A000B047A4212046B047A1212046B047C8219D
:1092B0002046B047DA21204694F88D20A847812126
:1092C000204694F89020A847D921204694F88E2073
:1092D000A847DB21204694F88F20A8472E2120465E
:1092E000B0472FB120463346BDE8F041AF211847C3
:1092F000BDE8F081000000000000000013B50092FE
:109300000B46402290F88C10024CD0F88800A04701
:1093100002B010BD00000000F0B50024A1B0054669
:109320007C222146094B01A800949847084F094E1A
:10933000E1B200222846B847013480226946284617
:10934000B047082CF4D121B0F0BD00BF00000000F0
:10935000000000000000000010B50446C06B30B1F2
:10936000238994F8402000215A430F4B9847234605
:1093700080214FF6FF7094F8402004EB8202934264
:1093800007D1002384F882302046BDE81040074B07
:109390001847A3F84210A3F84400A3F86210A3F8FA
:1093A00064000433EBE700BF000000000000000091
:1093B0002DE9F84F054604464FF000084FF08009AC
:1093C000DFF8A8A095F84030434504DC002385F879
:1093D0008230BDE8F88F95F88230B4F94260B4F974
:1093E00044704BB1B4F962309E42A8BF1E46B4F936
:1093F00064309F42B8BF1F46802E31D05FFA86FB93
:109400005A46194B5FFA88F1284698472B89E96B31
:1094100008FB03660137A7EB0B022846D2B23144A2
:10942000D04795F882302BB14FF6FF73A4F86290C5
:10943000A4F86430B4F94230B4F96220A4F8429040
:109440009A42C8BFA4F86230B4F96420B4F9443039
:109450009A42B8BFA4F864304FF6FF73A4F84430C2
:1094600008F101080434ADE700000000000000002E
:10947000074A13680133012B136007D1054B064AD5
:109480001A600022C3E907221A765A62704700BFA9
:1094900000000000000000000000000008B5044AC1
:1094A0001368013B136013B90248034B984708BD8A
:1094B000000000001C0000000000000038B590F81B
:1094C00091500446E5B9D0F88800D0B194F88C10DA
:1094D000B9B1E36BABB10C4B984790B120460B4B45
:1094E000984770B101212046094B9847638920466F
:1094F000DB0884F84030074B9847012384F891300B
:109500000125284638BD00BF000000000000000013
:1095100000000000000000000022026070470368A5
:1095200003B901600120704710B504460068036864
:10953000DB6A9847206803685B6B9847B0FA80F055
:10954000400910BD70B5044616461D460068036804
:10955000DB6A98472068314603681B689847206893
:10956000294603681B689847206803685B6B984727
:10957000B0FA80F0400970BD2DE9F047BDF82050E9
:109580000446894692461F462E4616B92846BDE82F
:10959000F087206849460368B046DB6A9847206830
:1095A000514603681B6898473F2E28BF4FF03F087D
:1095B00020683946036842465B689847A6EB08086E
:1095C0001FFA88F6B6FA86F117FA80F7206849097B
:1095D00003681B6B98470028D7D04FF0FF30D6E7C1
:1095E000074A13680133012B136007D1054B064A64
:1095F0001A600022C3E907221A765A62704700BF38
:1096000000000000000000000000000008B5044A4F
:109610001368013B136013B90248034B984708BD18
:10962000000000001C000000000000002DE9F041D7
:1096300006460D460C468F18BC4202D1601BBDE8A1
:10964000F081A046336830461B6818F8011B984724
:109650000028F3D04446EFE770B505460C460846AF
:1096600049B1054B98472B68024621462846BDE87C
:1096700070405B68184770BD0000000003688A688E
:109680005B6809681847000008B50249024B984713
:1096900008BD00BFFB0800000000000038B5044B07
:1096A00005469847034B044628469847204438BD52
:1096B000000000000000000038B5094D0446A8472E
:1096C000E060236820465B699847002807DAA847CE
:1096D000E368C01AA3689842F3D34FF0FF3038BD57
:1096E00000000000816070472DE9F04107460D46FB
:1096F0000C46DFF81C808E18B44202D1601BBDE816
:10970000F0813846C047031EF8DB04F8013BF3E75D
:109710000000000000230A6802604A68C1E90033C3
:1097200042608A688B6082607047000010B5044612
:10973000006808B1014B9847204610BD00000000AA
:1097400010B50446006808B1034B98470023C4E9EC
:109750000133236010BD00BF0000000038B504468F
:109760000D460068034B0131984710B1C4E900056C
:10977000012038BD0000000010B50368044613B195
:1097800043688B4207D22046044B984720B1A36818
:109790000BB922681370012010BD00BF000000004B
:1097A00070B50B4B0E46114604461546984720B936
:1097B0002046084B9847204670BD2A463146064B46
:1097C0002068A560984700212268A368D154F2E779
:1097D00000000000000000000000000038B5002379
:1097E00004460D46C0E90033836039B10846044B96
:1097F000984729460246034B20469847204638BDE5
:109800000000000000000000884238B505460C4604
:109810000CD0074B0068984723682B60A368AB60A7
:1098200063686B600023C4E90133236038BD00BF67
:1098300000000000884210B50B46044604D00968B9
:1098400021B19A68034B9847204610BD024B9847B8
:10985000FAE700BF0000000000000000002310B580
:109860000446C0E900338360014B9847204610BD91
:109870000000000010B50446014B9847204610BD7B
:109880000000000038B505460C4649B10846064BB5
:10989000984721460246054B28469847284638BD3A
:1098A000034B9847FAE700BF0000000000000000EB
:1098B0000000000010B5002304468AB0C4E900335C
:1098C000A3600846044B01A998472046034B01A911
:1098D000984720460AB010BD0000000000000000BC
:1098E000F8B5044616460F46856809B90020F8BD4C
:1098F00082B115442946084B98470028F6D0A36842
:109900002068324618443946044B984700222368A1
:10991000A5605A550120EAE70000000000000000A1
:109920008A68014B096818470000000070B5064BB3
:10993000054608460C46984721460246034B2846F2
:10994000BDE87040184700BF0000000000000000A4
:1099500009B1024B18470846704700BF00000000DD
:1099600007B5054B8DF8071001220DF10701984747
:1099700003B05DF804FB00BF0000000010B5044612
:1099800021B92046044B9847204610BD034B984709
:109990000028F6D0F8E700BF00000000000000003B
:1099A000034600680A46096828B911B1936843B9AB
:1099B00019460846704739B999680029F9D00178E5
:1099C000F7E709784942F4E7004B18470000000028
:1099D00008B582688B689A4205D1044B9847B0FA63
:1099E00080F0400908BD0020FCE700BF0000000037
:1099F00008B582682AB959B10878B0FA80F04009F0
:109A000008BD006809B90078F7E7024B9847F4E70A
:109A10000120F5E70000000038B50D462AB121B15C
:109A200084689C4202D800230B7038BDE41A013AC6
:109A3000944228BF14460168224619442846024B26
:109A4000984700232B55F0E700000000F0B50346CF
:109A50008BB0084661B3911E222935D80A2A06D157
:109A6000002B04DA01275B4201AD29460DE00027F7
:109A7000FAE7B3FBF2F602FB1633092BDCB21BD874
:109A80003033DBB201F8013B3346002BF1D1A94260
:109A900010D0034617B12D2203F8012B1C460A46AD
:109AA000AA420CD84A1B8D4288BF0022002199543B
:109AB0000BB0F0BD1E46E3E704F15703E1E712F8EF
:109AC000016D04F8016BEBE70020F1E7004B18474C
:109AD00000000000004B184700000000004B184732
:109AE00000000000004B184700000000004B184722
:109AF00000000000004B184700000000004B184712
:109B000000000000004B184700000000004B184701
:109B100000000000004B184700000000004B1847F1
:109B20000000000040F2000CC0F2000C604740F260
:109B3000000CC0F2000C604740F2000CC0F2000CB8
:109B4000604740F2000CC0F2000C604740F2000C8D
:109B5000C0F2000C604740F2000CC0F2000C6047FD
:109B600040F2000CC0F2000C604740F2000CC0F262
:109B7000000C604740F2000CC0F2000C604740F25D
:109B8000000CC0F2000C604740F2000CC0F2000C68
:109B9000604740F2000CC0F2000C604740F2000C3D
:109BA000C0F2000C604740F2000CC0F2000C6047AD
:109BB000004B18470000000008B5014B984700BF54
:109BC000000000007047000038B5054B9847054B72
:109BD0009847054B9847054D054CA847A047FCE71B
:109BE0000000000000000000000000000000000075
:109BF00000000000012838BF0120014B184700BFBA
:109C000000000000004B18470000000008467047A5
:109C1000004B1847000000002DE9F04F154C164E80
:109C2000164FDFF85C8089B02546B54204F1300458
:109C300002D309B0BDE8F08F14ED027B54E90C01AA
:109C400054E90A2354E908CE54E9069A54F810BCA2
:109C50008DED067BCDE903ABCDE901E9CDF800C080
:109C6000B84754F8300C54F80C1CC04754F8303C3A
:109C70005D65D9E700000000000000000000000062
:109C800000000000004B18470000000010B5034B17
:109C90009847034C0A220023A04710BD0000000093
:109CA000000000002DE9F341056A0446002D3AD179
:109CB0002A4B2046984730B9294B2046984710B187
:109CC00010F1780F2CD10023264A52F8330002EB12
:109CD000C30184422DD1486878BB002020E00133C5
:109CE00035F81320024492B28A42F8D924221E4F3A
:109CF0001E4E05EB4308F61BB6FBF2F6A845D7D07F
:109D000035F9023B002BF9DD9E42F7D3013B1BB234
:109D100003EBC30307EB8300FFF7C4FF0028EDDA72
:109D200002B0BDE8F081002347F6FF704FF6FD71E9
:109D3000D6E70133112BC8D1CFE700210C4B01AA84
:109D40009847002807DB019B002219791868094B06
:109D500098470028C1DA831CBFD0E1E7000000006B
:109D600000000000180000000000000000000000DB
:109D7000000000000000000008B1024B18476FF01F
:109D800015007047000000008368DB6903B11847C5
:109D90007047036840F213421B6A184707B503680F
:109DA0008DF8071001225B680DF10701984703B099
:109DB0005DF804FB01207047004B184700000000CD
:109DC000004908470000000037B5044600F1D405FB
:109DD0004FF0FF324FF0FF3328460A4988470A4BBD
:109DE00004F1800001220DF1070198470446074B5A
:109DF000284698471CB19DF8070003B030BD4FF0CE
:109E0000FF30FAE700000000000000000000000042
:109E100037B5044600F1D4054FF0FF324FF0FF3361
:109E200028460A4988470A4B04F1800001220DF1B7
:109E3000070198470446074B284698471CB19DF8F0
:109E4000070003B030BD4FF0FF30FAE7000000001C
:109E5000000000000000000038B5044600F168056D
:109E6000284608494FF0FF324FF0FF338847228CD5
:109E7000238B646A9B1A9BB22846E41A024B9847CC
:109E8000204638BD000000000000000070B5054607
:109E900000F1D4064FF0FF32304607494FF0FF3350
:109EA0008847B5F88A30B5F886403046E41AA4B23F
:109EB000024B9847204670BD0000000000000000E3
:109EC000002337B58DF8073002F00F03012B04464D
:109ED000009146D0991E4B424B418DF8043002F060
:109EE000F003202B3FD0302B0CBF0323012302F4BF
:109EF0007062B2F5007F8DF8053036D0B2F5407F44
:109F000035D0B2F5807F0CBF002303238DF80630D7
:109F10002069184B984720698368DB680BB1694654
:109F200098472069836823B19B6C13B1224612497C
:109F3000984704F1D4054FF0FF3228460F494FF0FF
:109F4000FF33884700232846C4E92133C4F88C3006
:109F50000B4B9847206983689B6A03B1984703B00D
:109F600030BD0223B9E70223C1E70123CEE7022374
:109F7000CCE700BF0000000000000000000000006F
:109F8000000000000069014B184700BF00000000FE
:109F900038B50446084D628BE38B9A4207D1064DD3
:109FA000206983681B6B0BB1984710B138BDA84777
:109FB000F1E7A847F4E700BF000000002DE9F84FE3
:109FC0000446884615460026DFF85890DFF858B05A
:109FD00004F168074FF0FF324FF0FF333846C847AF
:109FE000AA1B08EB06010C4B04F1140098478246AB
:109FF0003846D8475644BAF1000F04D12069074BC0
:10A000009847074B9847B542E2D12069034B9847E0
:10A010002846BDE8F88F00BF0000000000000000E7
:10A020000000000000000000000000002DE9F347E0
:10A030000446006983685B6C43BB04F1D4060022CC
:10A04000002330462F4DA8472F4F206983685B6B54
:10A0500013BB206983689B6913BB304604F1680712
:10A060002A4EB047002200233846A847628BE38B74
:10A070009A4204D1206983681B6A03B19847DFF8CC
:10A080009090DFF890A004F114081BE09847002896
:10A09000D3D102B0BDE8F08798470028D9D1DCE7DA
:10A0A000082269469847021ED7DD082AA8BF082261
:10A0B000694604F18000B8470028C6DACDE7694652
:10A0C0004046D047206983685B6ABBB9658BE38BE8
:10A0D000ED1AADB27DB1082D28BF082569462A4684
:10A0E0004046C847206983685B6923B12A466946B0
:10A0F0009847021EE3DA3846B047CAE79847002877
:10A10000E4D1F8E7000000000000000000000000BB
:10A1100000000000000000000846014B184700BF87
:10A120000000000010B504460122074B11465430D0
:10A13000984704F1140323600023C4E90133E3606A
:10A1400040232361204610BD000000002DE9F041AE
:10A150004FF000084FF47A77134D144E144B154C02
:10A1600005F114002B61C5E901872E60A04705F1B8
:10A170008000114DA047114B05F114002B61C5E97A
:10A1800001872E60A04705F180000D4DA0470D4BC3
:10A1900005F11400C5E901872E602B61A04705F188
:10A1A0008000A047BDE8F08100000000080000002A
:10A1B000000000000000000000000000000000009F
:10A1C000000000000000000008B5FFF7FEFF08B522
:10A1D000FFF7FEFF08B5FFF7FEFF10EE101AC1F300
:10A1E000C7530029A3F17F02B4BF4FF0FF30012015
:10A1F0001E2A19DC002A03DA013218BF002070473A
:10A20000162AC1F31601D8BF4FF4800341F40001B0
:10A21000CDBF963B1341C2F1170201FA03F3DCBF35
:10A220005B18D34058437047FDEEC07A17EE900A92
:02A23000704775
:1000000000000000000000000000000000000000F0
:10001000000000000000000000000000D00100000F
:1000200000000000C801000000000000D80100002E
:1000300000000000E001000000000000E8010000F6
:1000400000000000A801000000000000B001000056
:1000500000000000B80100000000000010020000D5
:1000600000000000F001000000000000F8010000A6
:100070000000000000020000000000000802000074
:10008000000000001802000000000000A0010000B5
:1000900000000000C001000000000000000000009F
:1000A0002407000000000000E40700000001000039
:1000B0000C080000060200002407000002000000F7
:1000C00034070000020000004407000002000000A6
:1000D000E4070000020100005407000002000000D5
:1000E0006407000002000000740700000200000026
:1000F0008407000004000000A407000004000000C2
:10010000F407000003010000C40700000400000021
:10011000E4070000000000000C08000000010000DF
:100120003C0800000302000054080000000000002A
:100130005408000000010000540800000302000001
:1001400054080000000000005408000000010000F6
:100150006C080000020200005408000000000000CB
:1001600054080000000100007C08000003020000A9
:1001700054080000000000005408000000010000C6
:100180009408000004020000540800000000000071
:100190005408000000010000B40800000102000043
:1001A000A000000003000000B800000001000000F3
:1001B000C000000001000000C800000002000000B4
:1001C000D800000001000000E00000000100000075
:1001D000E800000001000000F00000000100000045
:1001E000F80000000200000008010000010000000B
:1001F00010010000030000002801000003000000BF
:10020000400100000300000058010000030000004E
:1002100070010000030000008801000003000000DE
:1002200000000000000000000000000000000000CE
:1002300000000000000000000000000000000000BE
:1002400000000000000000000000000000000000AE
:10025000000000000000000000000000000000009E
:10026000000000000000000000000000000000008E
:10027000000000000000000000000000000000007E
:10028000000000000000000000000000000000006E
:10029000000000000000000000000000000000005E
:1002A000000000000000000000000000000000004E
:1002B000000000000000000000000000000000003E
:1002C000000000000000000000000000000000002E
:1002D000000000000000000000000000000000001E
:1002E000000000000000000000000000000000000E
:1002F00000000000000000000000000000000000FE
:1003000000000000000000000000000000000000ED
:1003100000000000000000000000000000000000DD
:1003200000000000000000000000000000000000CD
:1003300000000000000000000000000000000000BD
:1003400000000000000000000000000000000000AD
:10035000000000000000000000000000000000009D
:10036000000000000000000000000000000000008D
:10037000000000000000000000000000000000007D
:10038000000000000000000000000000000000006D
:10039000000000000000000000000000000000005D
:1003A000000000000000000000000000000000004D
:1003B000000000000000000000000000000000003D
:1003C000000000000000000000000000000000002D
:1003D000000000000000000000000000000000001D
:1003E000000000000000000000000000000000000D
:0C03F00000000000000000000000000001
:1003FC00000010010C010D017265616479006162ED
:10040C0073656E74004669726D77617265207374E2
:10041C006174653A204F4C454420002C2053454EC6
:10042C00353520002C205343443431200053656E65
:10043C00736F72207370656369666963206572728D
:10044C006F723A203078253278004E6F20657272C8
:10045C006F72005772697465206572726F72004515
:10046C0072726F722077726974696E6720746F2074
:10047C0073657269616C004461746120746F6F20E4
:10048C006C6F6E6720746F2066697420696E2074BF
:10049C0072616E736D697420627566666572005266
:1004AC0065636569766564204E41434B206F6E2011
:1004BC007472616E736D6974206F6620616464720E
:1004CC00657373005265636569766564204E4143BC
:1004DC004B206F6E207472616E736D6974206F6641
:1004EC002064617461004572726F72207772697456
:1004FC00696E6720746F2049324320627573005215
:10050C00656164206572726F72004672616D652060
:10051C00616C726561647920636F6E7461696E736E
:10052C0020646174610054696D656F75742077681F
:10053C00696C652072656164696E672064617461C1
:10054C0000436865636B73756D2069732077726FF8
:10055C006E670057726F6E672043524320666F754B
:10056C006E64004E756D626572206F6620627974E0
:10057C006573206E6F742061206D756C7469706C7E
:10058C0065206F662033004E6F7420656E6F756743
:10059C0068206461746120726563656976656400C6
:1005AC00496E7465726E616C2049324320627566C7
:1005BC0066657220746F6F20736D616C6C0054787B
:1005CC00206672616D65206572726F72004E6F7479
:1005DC0020656E6F75676820737061636520696E46
:1005EC0020627566666572005278206672616D6570
:1005FC00206572726F72004E6F206D6F7265206491
:10060C0061746120696E206672616D650057726F4E
:10061C006E67206164647265737320696E20726505
:10062C007475726E206672616D650057726F6E67BD
:10063C0020636F6D6D616E6420696E2072657475D8
:10064C00726E206672616D65004572726F722070F9
:10065C00726F63657373696E67206572726F720077
:10066C00457865637574696F6E206572726F722C54
:10067C002073746174757320726567697374657225
:10068C003A20307825780046616E20636C65616E87
:10069C00696E6720736B69707065642C2053454ECE
:1006AC003535206E6F742072656164790053454E48
:1006BC00353520737461727446616E436C65616E7E
:1006CC00696E670053454E35352066616E20636C4C
:1006DC0065616E696E672073746172746564005332
:1006EC00434434312073657454656D706572617464
:1006FC007572654F666673657400534344343120DC
:10070C007374617274506572696F6469634D65616D
:10071C00737572656D656E742028005343443431D3
:10072C00207265616479206F6E200053454E35351B
:10073C0020646576696365526573657420280029A9
:10074C000053454E35352073657454656D70657274
:10075C0061747572654F666673657453696D706C00
:10076C00650053454E35352073746172744D656167
:10077C00737572656D656E7420280053454E353562
:10078C00207265616479206F6E20002C2074656D79
:10079C007065726174757265206F6666736574201E
:1007AC002D0020430041555241002D2D2E2D0025AA
:1007BC006C642E256C640053454E35352072656192
:1007CC00644465766963655374617475730073650D
:1007DC006E736F725F73746174757300307825304B
:1007EC00386C580053454E353520737461747573ED
:1007FC002000202D20616C6C20636C6561720020E0
:10080C0046414E2D4641494C55524500204C4153D2
:10081C0045522D4552524F5200205248542D4552AC
:10082C00524F5200204741532D4552524F520020F7
:10083C0046414E2D53504545442D5741524E494E3D
:10084C0047002066616E2D636C65616E696E670092
:10085C006C6F67003A200051776969632F57697292
:10086C006531005769726500556E65787065637403
:10087C00656420726573706F6E7365207479706532
:10088C0000556E6578706563746564205250432022
:10089C00726573706F6E73652073697A650052654B
:1008AC0073756C74206E6F74207061727361626CFE
:1008BC00652028636865636B207479706529005224
:1008CC005043204572726F72206E6F74207061728B
:1008DC007361626C652028636865636B2074797042
:1008EC00652900556E657870656374656420726562
:1008FC0073706F6E7365207479706500556E6578D2
:10090C007065637465642052504320726573706F18
:10091C006E73652073697A6500526573756C74200B
:10092C006E6F74207061727361626C6520286368ED
:10093C0065636B20747970652900525043204572B1
:10094C00726F72206E6F74207061727361626C656D
:10095C002028636865636B207479706529005F5F7C
:10096C00736166655F5F004D4355207374617274EB
:10097C00696E672052504320427269646765206338
:10098C006F6D6D756E69636174696F6E006272690B
:10099C0064676500242F726573657400242F73657A
:1009AC00744D61784D736753697A6500242F7265B5
:1009BC00676973746572006D6F6E2F726561640088
:1009CC006D6F6E2F7772697465006D6F6E2F636F2C
:1009DC006E6E656374656400546869732063616C42
:1009EC006C206973206E6F7420796574206578654E
:1009FC00637574656400546869732063616C6C2062
:100A0C006973206E6F206C6F6E6765722061766102
:100A1C00696C61626C6500382078203136003520B5
:100A2C00782037005B4552524F525D5B51774772CD
:100A3C004275666665724465766963655D205265CC
:100A4C006E64657220636C617373206D75737420B2
:100A5C00696D706C656D656E742064726177506938
:100A6C0078656C206D6574686F640A00556E7365EB
:100A7C007269616C697A61626C6520706172616D1A
:100A8C006574657273206172726179004D6973735C
:100A9C00696E672063616C6C20706172616D657446
:100AAC0065727320285741524E494E473A2044658F
:100ABC006661756C7420706172616D207265736F04
:100ACC006C7574696F6E206973206E6F7420696D1C
:100ADC00706C656D656E7465642900546F6F206D64
:100AEC00616E7920706172616D6574657273005707
:100AFC00726F6E67207479706520706172616D65BC
:100B0C0074657220696E20706F736974696F6E3AC8
:100B1C0020000000440300004002000064030000B9
:100B2C004002000004040000400200002404000005
:100B3C00400200008407000040020000A4070000EF
:100B4C004002000069010000000000008901000063
:100B5C0000000000470300000002000067030000D3
:100B6C0000020000C702000000020000E7020000C3
:100B7C0000020000E80C000000020000080D00005C
:100B8C0000020000C80C000000000000A80C0000CF
:100B9C0000020000A503000080050000C503000052
:100BAC0000040000E5030000000400002503000021
:100BBC0000020000260D000080050000460D00001C
:100BCC0000040000A602000000040000860D0000D6
:100BDC0000020000C40B000040020000E40B000007
:100BEC0040020000250600008005000045040000BE
:100BFC0000040000650400000004000090000000E8
:100C0C0000000000B000000000000000D000000058
:100C1C0000000000F00000000000000030040000A4
:100C2C000000000010040000000000006102000041
:100C3C000000000041030000000000006103000000
:100C4C000000000002020000000000002202000070
:100C5C0000000000820200000000000002030000FF
:100C6C00000000002203000000000000420F000002
:100C7C0000000000620F000000000000820F000066
:100C8C00000000006101000000000000E103000012
:100C9C0000000000A103000000000000C1030000E0
:100CAC00000000004302000000000000546869735B
:100CBC002063616C6C206973206E6F206C6F6E67A3
:100CCC00657220617661696C61626C65005468695B
:100CDC00732063616C6C206973206E6F742079656E
:100CEC0074206578656375746564000D0A0076651B
:100CFC0063746F723A3A72657365727665007665E5
:100D0C0063746F723A3A5F4D5F72616E67655F69CB
:100D1C006E73657274000000766563746F723A3A94
:100D2C005F4D5F7265616C6C6F635F696E7365724A
:100D3C007400766563746F723A3A5F4D5F726561E9
:100D4C006C6C6F635F696E736572740000000000F9
:100D5C0000000000000000FE0000000000000E007B
:100D6C000E00000000D0BE90D0BE9000001C62FFB0
:100D7C00C28000000C12924CB0880600807C62B2DB
:100D8C001CC0000000000E0E0000000000E0180463
:100D9C00020200000002020418E000000024187E89
:100DAC0018240000808080F080808000000000000B
:100DBC000000000000808080800000000000000027
:100DCC00000000000000806018060000F804C23229
:100DDC000CF80000000404FE000000000002824237
:100DEC00221C00000002222222DC0000C0A09884F9
:100DFC00FE808000001E121222C20000F844222243
:100E0C0022C00000000202C2320A0600008C5222EC
:100E1C00528C00003C42424226F800000000303068
:100E2C0000000000000030300000000080804040D6
:100E3C002020100040404040404000001020204046
:100E4C004080800000028242221C00000000000052
:100E5C000000000000000005000000000000000081
:100E6C000000000000070000070000000004040F51
:100E7C00040300000402010304040300030404043B
:100E8C000503040000000000000000000003060839
:100E9C0010100000001010080603000000000000F5
:100EAC000000000000000007000000000000160E0B
:100EBC00000000000000000000000000000006061A
:100ECC000000000004020100000000000103040403
:100EDC0002010000000404070404000000070404DD
:100EEC0004040000000404040403000000000000DB
:100EFC0007000000000404040403000001020404C1
:100F0C0004030000000007000000000000030404BC
:100F1C0004030000000404040201000000000606A3
:100F2C00000000000000160E00000000000001018F
:100F3C00020204000101010101010000040202018E
:100F4C00010000000000050000000000F804728A97
:100F5C00FA84780000C0380638C0000000FE222257
:100F6C0022DC0000F804020202020000FE0202026F
:100F7C0004F8000000FE22222222000000FE2222A1
:100F8C0022220000F804020222E20000FE202020AF
:100F9C0020FE0000000202FE02020000000000021F
:100FAC0002FE0000FE40B0080402000000FE00003B
:100FBC0000000000FE0C7080700CFE00FE0C30C0B7
:100FCC0000FE0000F804020204F80000FE42424257
:100FDC00221C0000F804020204F8000000FE424249
:100FEC00A21C0000001C224242800000020202FEF1
:100FFC0002020200FE00000000FE00000638C000E5
:10100C00C03806003EC0F00EF0C03E0000069860EE
:10101C0098060000000618E0180600000202C23212
:10102C000A0600000000FE02020202000006186020
:10103C008000000002020202FE00000040300C0C96
:10104C003040000000000000000000000102040419
:10105C000400000006010101010106000007040460
:10106C000403000001020404040400000704040447
:10107C000201000000070404040400000007000043
:10108C000000000001020404040700000700000037
:10109C00000700000004040704040000000404041A
:1010AC000403000007000001020400000007040410
:1010BC000404000007000001000007000700000006
:1010CC0003070000010204040201000007000000F5
:1010DC00000000000102040C1211100000070000B7
:1010EC0001060000000404040403000000000007D3
:1010FC0000000000030404040403000000000106C7
:10110C0001000000000700000007000000060100BD
:10111C0001060000000000070000000006050404A2
:10112C000404000000001F1010101000000000004C
:10113C0001020400101010101F000000000000003D
:10114C00000000000808080808080000000002045D
:10115C000000000000E0101010F0000000FE201055
:10116C0010E0000000E010101010000000E0101063
:10117C0010FE000000E0909090E000000020FC22A7
:10118C002222020000E0101010F0000000FE2010DF
:10119C0010E000001010F200000000000010101011
:1011AC00F200000000FE804020100000000202FE51
:1011BC0000000000F02010F02010F00000F02010D3
:1011CC0010E0000000E0101010E0000000F0201013
:1011DC0010E0000000E0101010F0000000F02010F3
:1011EC00107000000060909090200000002020FC07
:1011FC002020200000F0000000F0000000708000B3
:10120C0080700000F000C030C000F0000030C0C0A2
:10121C00300000000030C000807000000010109002
:10122C00503000000080807E02020000000000FEB2
:10123C00000000000002027E808000000080800020
:10124C000000800000000000000000000000000012
:10125C00000000000003040402070000000704045F
:10126C00040300000003040404040000000304044D
:10127C00020700000003040404040000000007003F
:10128C000000000000332424221F0000000700008F
:10129C0000070000000007040400000020202020AC
:1012AC001F000000000700010204000000000007FE
:1012BC0004040000070000070000070000070000FE
:1012CC00000700000003040404030000003F0404B2
:1012DC000403000000030404023F000000070000A8
:1012EC0000000000000204040403000000000003DE
:1012FC0004040400000304040207000000000304BB
:10130C0003000000010601000106010000060101B6
:10131C00060000002020310E03000000000605042A
:10132C00040400000000001F101000000000000763
:10133C00000000000010101F000000000100000160
:10134C00010100000000000000000000000000008F
:10135C00003E5B4F5B3E3E6B4F6B3E1C3E7C3E1C2F
:10136C00183C7E3C181C577D571C1C5E7F5E1C0075
:10137C00183C1800FFE7C3E7FF0018241800FFE72C
:10138C00DBE7FF30483A060E2629792926407F05EF
:10139C000507407F05253F5A3CE73C5A7F3E1C1C05
:1013AC0008081C1C3E7F14227F22145F5F005F5FC5
:1013BC0006097F017F006689956A606060606094B1
:1013CC00A2FFA29408047E040810207E20100808B6
:1013DC002A1C08081C2A08081E101010100C1E0CC1
:1013EC001E0C30383E3830060E3E0E060000000053
:1013FC000000005F00000007000700147F147F143A
:10140C00242A7F2A1223130864623649562050007E
:10141C0008070300001C2241000041221C002A1C6A
:10142C007F1C2A08083E0808008070300008080855
:10143C000808000060600020100804023E51494575
:10144C003E00427F400072494949462141494D3393
:10145C001814127F1027454545393C4A49493141FA
:10146C00211109073649494936464949291E0000C8
:10147C00140000004034000000081422411414141D
:10148C001414004122140802015909063E415D5909
:10149C004E7C1211127C7F494949363E4141412212
:1014AC007F4141413E7F494949417F090909013E3C
:1014BC00414151737F0808087F00417F4100204063
:1014CC00413F017F081422417F404040407F021C75
:1014DC00027F7F0408107F3E4141413E7F0909098C
:1014EC00063E4151215E7F09192946264949493258
:1014FC0003017F01033F4040403F1F2040201F3F1E
:10150C004038403F631408146303047804036159A2
:10151C00494D43007F4141410204081020004141E4
:10152C00417F040201020440404040400003070890
:10153C000020545478407F2844443838444444288C
:10154C00384444287F385454541800087E09021833
:10155C00A4A49C787F0804047800447D40002040BB
:10156C00403D007F1028440000417F40007C0478FF
:10157C0004787C080404783844444438FC18242447
:10158C001818242418FC7C080404084854545424C7
:10159C0004043F44243C4040207C1C2040201C3C44
:1015AC004030403C44281028444C9090907C44643B
:1015BC00544C4400083641000000770000004136CE
:1015CC00080002010204023C2623263C1EA1A16154
:1015DC00123A4040207A3854545559215555794186
:1015EC002154547841215554784020545579400C5D
:1015FC001E5272123955555559395454545939553E
:10160C005454580000457C410002457D4200014580
:10161C007C40F0292429F0F0282528F07C545545ED
:10162C00002054547C547C0A097F49324949493280
:10163C003248484832324A4848303A4141217A3A95
:10164C0042402078009DA0A07D39444444393D405F
:10165C0040403D3C24FF2424487E4943662B2FFC0C
:10166C002F2BFF0929F620C0887E090320545479BA
:10167C00410000447D413048484A32384040227A8B
:10168C00007A0A0A727D0D19317D2629292F282608
:10169C002929292630484D40203808080808080810
:1016AC000808382F10C8ACBA2F102834FA00007B69
:1016BC00000008142A142222142A1408AA00550027
:1016CC00AAAA55AA55AA000000FF00101010FF008E
:1016DC00141414FF001010FF00FF1010F010F01481
:1016EC001414FC001414F700FF0000FF00FF141486
:1016FC00F404FC141417101F10101F101F141414D2
:10170C001F00101010F0000000001F101010101F10
:10171C0010101010F010000000FF1010101010101E
:10172C00101010FF10000000FF140000FF00FF005D
:10173C00001F10170000FC04F414141710171414D5
:10174C00F404F40000FF00F714141414141414F728
:10175C0000F7141414171410101F101F141414F481
:10176C00141010F010F000001F101F0000001F14C8
:10177C00000000FC140000F010F01010FF10FF141B
:10178C001414FF141010101F00000000F010FFFFC5
:10179C00FFFFFFF0F0F0F0F0FFFFFF000000000093
:1017AC00FFFF0F0F0F0F0F38444438447C2A2A3E9A
:1017BC00147E02020606027E027E026355494163D4
:1017CC003844443C04407E201E2006027E020299CE
:1017DC00A5E7A5991C2A492A1C4C7201724C304A67
:1017EC004D4D303048784830BC625A463D3E4949F0
:1017FC0049007E0101017E2A2A2A2A2A44445F4498
:10180C004440514A444040444A51400000FF0103C7
:10181C00E080FF000008086B6B0836123624360691
:10182C000F090F06000018180000001010003040BF
:10183C00FF0101001F01011E00191D1712003C3C85
:10184C003C3C0000000000010204081020408053C2
:10185C00454E353520726561644D656173757265F1
:10186C006456616C7565730073656E35355F6461C4
:10187C00746100534344343120676574446174616E
:10188C0052656164795374617475730053434434C5
:10189C003120726561644D6561737572656D656E3D
:1018AC00740073636434315F646174610041514846
:1018BC0049202D2D00415148492031302B004151F8
:1018CC00484920256400504D322E352025730043A5
:1018DC004F3220256400434F32202D2D00564F43AC
:1018EC00202D2D2020257343202573252500564FB0
:1018FC004320256C64202025734320257325250067
:10190C0053454E3535204F4B0053454E3535204E03
:10191C004F5420464F554E44005343443431204FCE
:10192C004B005343443431204E4F5420464F554EB8
:10193C0044006D6F6E2F636F6E6E6563746564002B
:10194C00242F76657273696F6E007365745F6164C2
:10195C007669736F7279007365745F6865616C7416
:10196C00685F696E646578007365745F706F776526
:10197C00725F73746174650073746172745F666115
:10198C006E5F636C65616E696E67007265706F7215
:10199C00745F7374617465004F4C454420726561CB
:1019AC006479206F6E2051776969632F576972656E
:1019BC00312061742030783344004F4C4544207200
:1019CC0065616479206F6E2051776969632F57695F
:1019DC007265312061742030783343004F4C45449C
:1019EC00207265616479206F6E2057697265206181
:1019FC00742030783344004F4C4544206E6F742073
:101A0C00666F756E64206F6E2030783344206F7271
:101A1C0020307833432C20646973706C61792064B6
:101A2C00697361626C65640057454C434F4D4500CA
:101A3C00414952205155414C4954592053454E541B
:101A4C00494E454C0045444745204149202D204FE7
:101A5C0046464C494E45005354415254494E47203A
:101A6C0053454E534F525300524541445900415532
:101A7C005241206669726D7761726520726561648E
:101A8C00790053797374656D204865617020656EBB
:101A9C00643A2025700A0053797374656D2048658B
:101AAC0061702073746172743A2025700A00536B54
:101ABC006574636820486561702073746172743A50
:101ACC002025702C2073697A652025700A006D61C1
:031ADC00696E0030
:10A23400FFFFFFFF012D2D000000000000000000C3
:10A2440000000000FFFFFFFF5374617274696E67C2
:10A2540020757000000000000000000000000000F5
:10A2640000000000000000000000000000000000EA
:10A2740000000000000000000000000000000000DA
:10A2840000000000000000000000000000000000CA
:10A2940000000000000000000000000000000000BA
:10A2A4000000000000000000FFFFFFFF0000C07F6F
:10A2B4000000C07F0000C07F0000C07FFFFFFFFFE1
:10A2C400000000000000000000000000000000008A
:0CA2D4000000000000000000000000007E
:08B5F800DE1600000000000057
:10B60000000000000000000000000000000000003A
:10B61000000000000000000000000000000000002A
:10B62000000000000000000000000000000000001A
:10B63000000000000000000000000000000000000A
:10B6400000000000000000000000000000000000FA
:0CB65000000000000000000000000000EE
:0400000300009BC995
:00000001FF
